Date,Actual_Close,Ridge_Pred,Ridge_Residual
2010-09-13,20.02782249,19.99848779440939,0.029334695590609527 
2010-09-14,19.87596512,20.01084279728071,-0.1348776772807092
2010-09-15,19.81729698,19.91229848222363,-0.09500150222363146
2010-09-16,19.84836197,19.828293771653925,0.020068198346073984
2010-09-17,19.86561775,19.8385005034182,0.027117246581799037
2010-09-20,20.00711632,19.89698993045898,0.11012638954102272
2010-09-21,20.055439,20.038658453606256,0.01678054639374338
2010-09-22,20.09685326,20.089609015103093,0.007244244896906338
2010-09-23,19.97260094,20.078489086772677,-0.10588814677267777
2010-09-24,20.23145485,20.040563484846118,0.19089136515388105
2010-09-27,20.22454643,20.195122322758447,0.029424107241553088
2010-09-28,20.39711571,20.25158918205404,0.145526527945961
2010-09-29,20.2797718,20.351597970324498,-0.07182617032449912
2010-09-30,20.19693947,20.282808195555514,-0.08586872555551395
2010-10-01,20.4040184,20.24786883097926,0.15614956902074084
2010-10-04,20.32118797,20.384771024981994,-0.06358305498199357
2010-10-05,20.59038353,20.365936607487924,0.22444692251207599
2010-10-06,20.63869858,20.595364960999877,0.04333361900012278
2010-10-07,20.5144558,20.640677364357845,-0.12622156435784504
2010-10-08,20.5041008,20.512541932968297,-0.008441132968297183
2010-10-11,20.55586815,20.54283641801085,0.013031731989148199
2010-10-12,20.56967926,20.537309520098514,0.03236973990148684
2010-10-13,20.68702126,20.576316227659202,0.11070503234079965
2010-10-14,20.67667007,20.697091313008197,-0.020421243008197365
2010-10-15,20.68702126,20.68965497284138,-0.0026337128413800315
2010-10-18,20.70772362,20.71717390382545,-0.009450283825451322
2010-10-19,20.82507324,20.740820371807583,0.08425286819241506
2010-10-20,21.10462761,20.86961745726508,0.23501015273492243
2010-10-21,21.21506691,21.114328593348887,0.10073831665111399
2010-10-22,21.26338959,21.220110790663988,0.04327879933601153
2010-10-25,21.05630684,21.220437693388895,-0.16413085338889388
2010-10-26,21.1356926,21.107536292936334,0.028156307063664343
2010-10-27,21.11843872,21.112451913521046,0.005986806478954776
2010-10-28,21.12533951,21.09362101102249,0.031718498977511445
2010-10-29,21.16329765,21.120554728527235,0.04274292147276526
2010-11-01,21.29789543,21.231772645510077,0.0661227844899237
2010-11-02,21.34966469,21.329835960276974,0.019828729723027294
2010-11-03,21.38073158,21.366278740458885,0.014452839541114315
2010-11-04,21.55329704,21.4267917069204,0.12650533307959932
2010-11-05,21.5981617,21.552856765178362,0.04530493482163678
2010-11-08,21.55674744,21.582683774101657,-0.025936334101658076
2010-11-09,21.61886787,21.569098266237148,0.04976960376285078
2010-11-10,21.58780861,21.61907180089244,-0.031263190892438786
2010-11-11,21.67408562,21.60781247477543,0.06627314522457084
2010-11-12,21.71549988,21.681910945204574,0.03358893479542502
2010-11-15,21.72930908,21.724727567478407,0.004581512521593112
2010-11-16,21.42559814,21.653672541588648,-0.22807440158864623
2010-11-17,21.57745361,21.50301028191381,0.07444332808618981
2010-11-18,22.0330162,21.678613580255966,0.3544026197440324
2010-11-19,22.19868279,22.03971926014527,0.15896352985473072
2010-11-22,22.18143082,22.166379693613155,0.015051126386843805
2010-11-23,21.9570961,22.1702918818973,-0.21319578189729782
2010-11-24,22.298769,22.08493605100096,0.21383294899904115
2010-11-26,22.12620735,22.223417577851574,-0.09721022785157274
2010-11-29,22.02890778,22.055022447375745,-0.02611466737574375
2010-11-30,21.95245552,21.998259612408205,-0.045804092408204156
2010-12-01,22.48414993,22.130951977157014,0.3531979528429865
2010-12-02,22.55365753,22.482065215868772,0.07159231413122669
2010-12-03,22.41464424,22.515510049115004,-0.1008658091150032
2010-12-06,22.23741913,22.3952390489694,-0.15781991896940184
2010-12-07,22.28953362,22.294941601119504,-0.005407981119503802
2010-12-08,22.37641907,22.29854325535835,0.07787581464165072
2010-12-09,22.52932167,22.354435534083805,0.1748861359161964
2010-12-10,22.46676636,22.491054253669752,-0.024287893669750815
2010-12-13,22.53627396,22.527780515471072,0.008493444528927085
2010-12-14,22.20613861,22.498049007240695,-0.2919103972406951
2010-12-15,22.49804878,22.30001752087061,0.19803125912939024
2010-12-16,22.70655441,22.505921451760603,0.20063295823939598
2010-12-17,22.83166313,22.713454780515338,0.11820834948466086
2010-12-20,22.69612312,22.781754270190767,-0.08563115019076761
2010-12-21,22.75868416,22.769325278955243,-0.01064111895524178
2010-12-22,22.79343796,22.780624283889384,0.012813676110614125
2010-12-23,22.78995895,22.76719301930244,0.02276593069755961
2010-12-27,22.61272812,22.71341993202196,-0.1006918120219602
2010-12-28,22.71350479,22.64244968593495,0.07105510406505289
2010-12-29,22.74478531,22.74480279226587,-1.748226586784085e-05
2010-12-30,22.76215553,22.755909070657978,0.0062464593420230585
2010-12-31,22.85598183,22.782204592178495,0.07377723782150625
2011-01-03,22.66485977,22.81362486127157,-0.14876509127157078
2011-01-04,22.1957016,22.568587529649168,-0.37288592964916845
2011-01-05,22.06365585,22.198174596307332,-0.1345187463073323
2011-01-06,21.90379715,22.035635598030687,-0.13183844803068823
2011-01-07,21.86556625,21.885695663213212,-0.020129413213211933
2011-01-10,21.91422081,21.886358794743472,0.027862015256527428
2011-01-11,21.78564262,21.913514472393413,-0.1278718523934117
2011-01-12,21.90727806,21.839836677567725,0.06744138243227482
2011-01-13,22.03238106,21.95187571775809,0.08050534224190997
2011-01-14,21.93855095,21.98759568276857,-0.049044732768571464
2011-01-18,22.06018257,21.92827315807324,0.13190941192675965
2011-01-19,22.03932571,22.042697868272768,-0.0033721582727679333
2011-01-20,21.86904716,21.970620115407257,-0.10157295540725642
2011-01-21,21.81344414,21.835643863672736,-0.022199723672734706
2011-01-24,21.98025322,21.862721607679273,0.11753161232072884
2011-01-25,21.87947083,21.925450366996227,-0.04597953699622792
2011-01-26,21.87947083,21.87125123318339,0.008219596816608998
2011-01-27,21.78912544,21.86738932082037,-0.07826388082036928
2011-01-28,21.61884308,21.75710528212418,-0.13826220212417795
2011-01-31,21.84124565,21.67440920864178,0.16683644135822107
2011-02-01,21.91074944,21.84638350286973,0.06436593713026895
2011-02-02,21.84472084,21.867009814206607,-0.022288974206606582
2011-02-03,21.74394417,21.83202098377819,-0.08807681377819065
2011-02-04,21.74046516,21.791558548008304,-0.05109338800830443
2011-02-07,21.72656631,21.727098304026214,-0.0005319940262147327
2011-02-08,21.84820175,21.74342580180913,0.10477594819086988
2011-02-09,21.94550323,21.811391557183356,0.13411167281664405
2011-02-10,22.0810318,21.980361824900964,0.10066997509903786
2011-02-11,22.09145927,22.107985177383657,-0.01652590738365589
2011-02-14,21.94202232,22.063336599989867,-0.12131427998986766
2011-02-15,21.95940399,21.95624348620677,0.0031605037932287416
2011-02-16,22.03238106,21.975496378297198,0.05688468170280103
2011-02-17,22.43202019,22.110411299443697,0.32160889055630193
2011-02-18,22.43202019,22.393997835727923,0.03802235427207634
2011-02-22,22.15748405,22.41202556290002,-0.25454151290001903
2011-02-23,22.20961189,22.214859208017195,-0.005247318017193692
2011-02-24,22.19918823,22.22942904699431,-0.030240816994307806
2011-02-25,22.34861374,22.199642533482315,0.14897120651768603
2011-02-28,22.21308517,22.26946057117371,-0.056375401173710316
2011-03-01,22.55713081,22.32431861312592,0.23281219687407884
2011-03-02,22.39031792,22.539698021894456,-0.1493801018944545
2011-03-03,22.78648376,22.519037002332766,0.26744675766723347
2011-03-04,22.66137505,22.725279847044572,-0.06390479704457164
2011-03-07,22.66485977,22.665000210313035,-0.00014044031303583893
2011-03-08,22.81080437,22.6807541517964,0.13005021820359985
2011-03-09,22.80386543,22.830710564306525,-0.026845134306526575
2011-03-10,22.6891861,22.758476730429305,-0.06929063042930395
2011-03-11,22.68567657,22.69518501477779,-0.009508444777790004
2011-03-14,22.38115501,22.654096268097742,-0.2729412580977417
2011-03-15,22.06261635,22.338837024705647,-0.27622067470564815
2011-03-16,21.56207275,21.98287002598782,-0.4207972759878196
2011-03-17,21.8000927,21.641064625852014,0.1590280741479866
2011-03-18,21.94711304,21.809345749163526,0.1377672908364751
2011-03-21,22.25164223,22.014179448456655,0.23746278154334632
2011-03-22,22.23063278,22.23900928797534,-0.008376507975338399
2011-03-23,22.49666214,22.361157592219868,0.13550454778013332
2011-03-24,22.64368248,22.517109002452425,0.12657347754757353
2011-03-25,22.82919502,22.63513522305321,0.19405979694678877
2011-03-28,22.76268959,22.727721605260445,0.034967984739555646
2011-03-29,23.00421143,22.786856617275756,0.2173548127242455
2011-03-30,23.11621666,23.013055795765688,0.10316086423431159
2011-03-31,23.22122765,23.125307582856873,0.09592006714312618
2011-04-01,23.52926254,23.265052821272572,0.2642097187274288
2011-04-04,23.68327904,23.561497789981345,0.12178125001865325
2011-04-05,23.61677933,23.665908510969132,-0.04912918096913188
2011-04-06,23.67276764,23.63471912930023,0.03804851069977033
2011-04-07,23.60626602,23.67436918581792,-0.06810316581792009
2011-04-08,23.54675865,23.57739438349185,-0.030635733491848782
2011-04-11,23.5922699,23.5526008329698,0.03966906703020001
2011-04-12,23.4172554,23.571971454183107,-0.1547160541831083
2011-04-13,23.55025864,23.465304245881093,0.08495439411890615
2011-04-14,23.91079903,23.655687439689583,0.25511159031041686
2011-04-15,23.80579376,23.882463376677705,-0.07666961667770522
2011-04-18,23.56076622,23.75099312354167,-0.19022690354166727
2011-04-19,23.48375702,23.595721196367606,-0.11196417636760714
2011-04-20,23.74978447,23.550505585218108,0.1992788847818936
2011-04-21,23.76028633,23.695173068387547,0.06511326161245279
2011-04-25,23.71127892,23.71811074185156,-0.006831821851559283
2011-04-26,23.42775536,23.686080397098113,-0.25832503709811405
2011-04-27,23.45225143,23.493447069365832,-0.04119563936583148
2011-04-28,23.59576607,23.498756080120266,0.09700998987973364
2011-04-29,23.61327171,23.555632508825298,0.05763920117470178
2011-05-02,23.70428658,23.598092959070506,0.10619362092949558
2011-05-03,23.76028633,23.747244981349922,0.013041348650077111
2011-05-04,23.61327171,23.75715784245195,-0.14388613245195003
2011-05-05,23.34724426,23.54083594405953,-0.19359168405953042
2011-05-06,23.4172554,23.350920149068955,0.06633525093104353
2011-05-09,23.43475723,23.4005348717327,0.034222358267300024
2011-05-10,23.57126427,23.44835181913353,0.12291245086646896
2011-05-11,23.56426811,23.56620126610851,-0.0019331561085103033
2011-05-12,23.91079903,23.674818660779675,0.23598036922032506
2011-05-13,23.86530304,23.89533625910667,-0.030033219106670117
2011-05-16,23.74279022,23.835629002618397,-0.09283878261839718
2011-05-17,23.79878616,23.73988417443119,0.05890198556880932
2011-05-18,23.90729904,23.816800998796815,0.09049804120318683
2011-05-19,23.96330833,23.87710780215172,0.08620052784828047
2011-05-20,23.90729904,23.931924425779894,-0.02462538577989193
2011-05-23,23.62376976,23.87972591122403,-0.25595615122403004
2011-05-24,23.61677933,23.65248463433959,-0.03570530433959007
2011-05-25,23.4207592,23.59313576811478,-0.17237656811478175
2011-05-26,23.34724426,23.397342462377278,-0.0500982023772778
2011-05-27,23.28073311,23.317623538991,-0.03689042899100059
2011-05-31,23.38574028,23.32770545195382,0.058034828046181985
2011-06-01,23.36825562,23.401161869765946,-0.03290624976594714
2011-06-02,23.11621666,23.329763898640813,-0.21354723864081393
2011-06-03,22.93770599,23.118602649626702,-0.18089665962670054
2011-06-06,22.89920235,22.950581962831112,-0.05137961283111281
2011-06-07,22.82219696,22.873963300901888,-0.0517663409018887
2011-06-08,22.89219856,22.816740966008023,0.07545759399197749
2011-06-09,23.0637207,22.936670560291027,0.12705013970897383
2011-06-10,22.88869667,23.039012164279878,-0.15031549427987656
2011-06-13,22.95921516,22.926601820206397,0.03261333979360259
2011-06-14,23.13197136,23.00389057717463,0.1280807828253714
2011-06-15,22.90633202,23.052881464137506,-0.1465494441375057
2011-06-16,23.08966637,22.922853689262524,0.16681268073747546
2011-06-17,23.13550186,23.08993286232941,0.04556899767059264
2011-06-20,23.20953751,23.155490479552963,0.054047030447037514
2011-06-21,23.36115265,23.2153737105543,0.14577893944570164
2011-06-22,23.41050148,23.385350869839186,0.025150610160814324
2011-06-23,22.9098568,23.277004188969713,-0.36714738896971255
2011-06-24,22.89222717,22.937276158476557,-0.04504898847655525
2011-06-27,22.99093819,22.9369143509482,0.0540238390518013
2011-06-28,23.28005219,23.018195635228693,0.2618565547713061
2011-06-29,23.51979637,23.28852041689539,0.23127595310461047
2011-06-30,23.72428703,23.583887983228433,0.14039904677156656
2011-07-01,24.00634193,23.827231970571088,0.1791099594289136
2011-07-05,24.08037949,24.033647656334125,0.04673183366587352
2011-07-06,24.16147041,24.070837684765177,0.09063272523482269
2011-07-07,24.23903465,24.119587048876976,0.11944760112302433
2011-07-08,24.21435356,24.227914483183536,-0.013560923183536744
2011-07-11,24.00986481,24.17952696991459,-0.16966215991459066
2011-07-12,23.92172432,24.02114296637965,-0.09941864637965026
2011-07-13,23.99576759,23.960883331296838,0.03488425870316192
2011-07-14,23.8582592,23.976940884919482,-0.11868168491948339
2011-07-15,23.80889702,23.86463642404264,-0.05573940404264022
2011-07-18,23.66435623,23.818627545799593,-0.15427131579959408
2011-07-19,24.4399929,23.870412387576984,0.5695805124230162
2011-07-20,24.28134155,24.365619605081527,-0.0842780550815263
2011-07-21,24.44704437,24.313532865390265,0.1335115046097357
2011-07-22,24.58455086,24.471435057479315,0.1131158025206851
2011-07-25,24.41885567,24.601733687038518,-0.1828780170385187
2011-07-26,24.39416695,24.35846886447154,0.03569808552845899
2011-07-27,24.21787643,24.348499223727647,-0.13062279372764607
2011-07-28,24.26018715,24.22558490160372,0.03460224839627912
2011-07-29,23.97813988,24.191728279477896,-0.21358839947789576
2011-08-01,23.87942314,24.009589099360447,-0.13016595936044695
2011-08-02,23.6467247,23.849316770744082,-0.2025920707440818
2011-08-03,24.11563873,23.810690028555545,0.30494870144445585
2011-08-04,23.20601845,23.886540937132697,-0.6805224871326985
2011-08-05,23.54094696,23.323853020695463,0.21709393930453658
2011-08-08,22.95921516,23.424278058704513,-0.4650628987045131
2011-08-09,23.5092144,23.12374762301478,0.385466776985222
2011-08-10,22.55023384,23.18804615915266,-0.6378123191526583
2011-08-11,23.43518257,22.851068544055355,0.5841140259446433
2011-08-12,23.67140198,23.42404066614892,0.24736131385107996
2011-08-15,24.04513168,23.76474479708241,0.28038688291758973
2011-08-16,24.03454781,23.967723739641503,0.06682407035849636
2011-08-17,24.42589569,24.163324121651357,0.26257156834864404
2011-08-18,23.88998795,24.27776383767114,-0.38777588767114324
2011-08-19,23.65729904,23.801978291046513,-0.14467925104651158
2011-08-22,23.71722984,23.63212965066547,0.08510018933453267
2011-08-23,24.34832764,23.81318981207128,0.5351378279287218
2011-08-24,24.56691933,24.354539456662568,0.2123798733374329
2011-08-25,23.96403122,24.433308686127358,-0.4692774661273589
2011-08-26,24.15090179,24.111670068256903,0.039231721743096415
2011-08-29,24.58455086,24.298768142854346,0.2857827171456542
2011-08-30,24.63038445,24.52049742244989,0.10988702755011204
2011-08-31,24.8384037,24.54744284463124,0.29096085536875904
2011-09-01,24.8384037,24.872064111175884,-0.03366041117588381
2011-09-02,24.58807755,24.85527472906388,-0.26719717906387785
2011-09-06,24.47878075,24.652106567261995,-0.17332581726199692
2011-09-07,24.96179771,24.57980883175781,0.38198887824218986
2011-09-08,25.09224701,24.91410736009713,0.1781396499028709
2011-09-09,24.45762825,24.942989368861028,-0.48536111886102873
2011-09-12,24.46115303,24.57466963113176,-0.1135166011317601
2011-09-13,24.52859497,24.557069372820827,-0.028474402820826583
2011-09-14,24.76642799,24.556276867887476,0.2101511221125243
2011-09-15,25.21014595,24.78486900573739,0.42527694426260965
2011-09-16,25.28469086,25.215022444112012,0.069668415887989
2011-09-19,25.02201271,25.28529594600689,-0.26328323600689174
2011-09-20,25.0788002,25.098128874112334,-0.019328674112333744
2011-09-21,24.59249306,24.95661747749397,-0.3641244174939722
2011-09-22,24.07423019,24.462125514634693,-0.387895324634691
2011-09-23,23.93224335,24.060120343631414,-0.12787699363141414
2011-09-26,24.40790558,24.072086159112885,0.33581942088711614
2011-09-27,24.69543266,24.415875594447236,0.2795570655527655
2011-09-28,24.15942764,24.573539204520042,-0.4141115645200415
2011-09-29,24.51085281,24.307038685547706,0.2038141244522933
2011-09-30,23.9819355,24.44459280796361,-0.46265730796361026
2011-10-03,23.22229767,23.82048898970612,-0.598191319706121
2011-10-04,23.15485573,23.16869705112123,-0.013841321121230266
2011-10-05,23.26134682,23.19885446384898,0.06249235615101867
2011-10-06,23.21164703,23.18882264923929,0.022824380760710028
2011-10-07,23.39268303,23.25590991543344,0.13677311456656227
2011-10-10,23.74766159,23.536404591430994,0.21125699856900582
2011-10-11,23.71216774,23.743081819384255,-0.030914079384253057
2011-10-12,23.95353889,23.754238707077725,0.19930018292227558
2011-10-13,23.92514992,23.893627769546455,0.031522150453543674
2011-10-14,24.08488464,23.88477379592768,0.20011084407232005
2011-10-17,23.78315735,23.95763564528487,-0.1744782952848709
2011-10-18,23.69085884,23.763544652914533,-0.07268581291453202
2011-10-19,23.79380798,23.6978645543692,0.09594342563080005
2011-10-20,23.82575607,23.79814224765359,0.02761382234641019
2011-10-21,24.20557404,23.877236914767927,0.32833712523207126
2011-10-24,24.09198952,24.16701067256491,-0.07502115256491138
2011-10-25,23.76540756,24.050456021963193,-0.2850484619631928
2011-10-26,23.94999695,23.830851567037932,0.119145382962067
2011-10-27,24.34046173,24.01262617081004,0.32783555918996043
2011-10-28,24.46824646,24.280391135839928,0.187855324160072
2011-10-31,24.25171852,24.383130742904868,-0.1314122229048671
2011-11-01,23.79735756,24.246242359806065,-0.4488847998060663
2011-11-02,24.05648422,23.928293484824483,0.1281907351755187
2011-11-03,24.36886215,24.11259035042173,0.25627179957827195
2011-11-04,24.06003952,24.235811282547683,-0.1757717625476829
2011-11-07,24.21267128,24.09356870690629,0.1191025730937092
2011-11-08,24.36886215,24.340696348451576,0.028165801548425407
2011-11-09,23.79380798,24.29111572747584,-0.4973077474758405
2011-11-10,23.92159271,23.807330315120232,0.1142623948797663
2011-11-11,24.1807251,23.978078086637883,0.20264701336211743
2011-11-14,24.06358528,24.129752471845027,-0.06616719184502529
2011-11-15,24.13813019,24.068160486796167,0.06996970320383156
2011-11-16,23.78670502,24.128317791607532,-0.341612771607533
2011-11-17,23.64826584,23.79092636433255,-0.14266052433254828
2011-11-18,23.92159271,23.706856876332047,0.21473583366795168
2011-11-21,23.41043472,23.796619644766775,-0.38618492476677346
2011-11-22,23.41753006,23.39574678452915,0.02178327547085246
2011-11-23,23.02706909,23.39049971565489,-0.36343062565488893
2011-11-25,22.98091888,23.084349829080594,-0.10343094908059314
2011-11-28,23.13355064,22.970189882395033,0.16336075760496627
2011-11-29,23.66630936,23.26146775043588,0.4048416095641194
2011-11-30,24.03816223,23.657466128104208,0.3806961018957935
2011-12-01,23.89513397,24.012154087969368,-0.11702011796936773
2011-12-02,23.7342453,23.87809274049286,-0.14384744049285914
2011-12-05,23.70920944,23.718696072906685,-0.009486632906686054
2011-12-06,23.84149742,23.696594801282842,0.1449026187171576
2011-12-07,23.87726402,23.75229390797075,0.12497011202924924
2011-12-08,23.85938644,23.851548502764786,0.007837937235215975
2011-12-09,24.15972519,23.961472166911694,0.19825302308830572
2011-12-12,23.91658401,24.154569140032628,-0.23798513003262656
2011-12-13,23.77000046,23.900017078992292,-0.13001661899229333
2011-12-14,23.69134331,23.75769802449526,-0.0663547144952581
2011-12-15,23.91658401,23.74117331670267,0.17541069329733006
2011-12-16,24.11323929,23.902604049602257,0.2106352403977425
2011-12-19,24.0882225,24.101768235334784,-0.01354573533478387
2011-12-20,24.45649719,24.182872942842383,0.2736242471576169
2011-12-21,24.87483025,24.565675436705273,0.3091548132947253
2011-12-22,24.73896027,24.826499467277213,-0.08753919727721282
2011-12-23,25.00712585,24.760374898050667,0.24675095194933405
2011-12-27,24.9856739,24.99898804496417,-0.01331414496417338
2011-12-28,24.8533783,24.94352912538694,-0.0901508253869423
2011-12-29,25.08578682,24.880767889818042,0.20501893018195716
2011-12-30,25.0178566,25.08250481716462,-0.06464821716462055
2012-01-03,25.07863617,25.017869307753635,0.060766862246364184
2012-01-04,24.92131042,25.077784937066077,-0.1564745170660764
2012-01-05,24.80332375,24.954942286477557,-0.15161853647755663
2012-01-06,24.645998,24.767988141688758,-0.12199014168875877
2012-01-09,24.645998,24.681462029357814,-0.03546402935781501
2012-01-10,24.792593,24.660241272970055,0.13235172702994547
2012-01-11,24.33493042,24.707141907429364,-0.3722114874293645
2012-01-12,24.15972519,24.336024014449286,-0.17629882444928668
2012-01-13,23.95234871,24.163782145095546,-0.21143343509554668
2012-01-17,24.08106422,23.995354094443666,0.08571012555633217
2012-01-18,24.16687584,24.0500893652986,0.11678647470139936
2012-01-19,24.1168232,24.15552259867609,-0.038699398676090624
2012-01-20,24.34565544,24.184156075829875,0.16149936417012611
2012-01-23,24.50297737,24.411496735220744,0.09148063477925561
2012-01-24,24.27772522,24.441968324627855,-0.16424310462785385
2012-01-25,24.46721458,24.28240048557895,0.1848140944210499
2012-01-26,24.31705666,24.40963012923287,-0.09257346923287102
2012-01-27,24.11323929,24.24604983201636,-0.13281054201636167
2012-01-30,24.12040138,24.107159042233512,0.013242337766488532
2012-01-31,24.1454277,24.12953078665129,0.015896913348708352
2012-02-01,24.25984383,24.146570633140538,0.11327319685946335
2012-02-02,24.25269699,24.258901694869124,-0.00620470486912339
2012-02-03,24.34207916,24.285778195767424,0.05630096423257669
2012-02-06,24.32420158,24.343210754479482,-0.019009174479482027
2012-02-07,24.51012802,24.371210727853008,0.1389172921469921
2012-02-08,24.43146133,24.448426220489214,-0.01696489048921279
2012-02-09,24.30274773,24.387527545219037,-0.08477981521903644
2012-02-10,24.2920208,24.317631973457516,-0.0256111734575164
2012-02-13,24.47079849,24.336313810516103,0.1344846794838972
2012-02-14,24.63527489,24.48308695373205,0.1521879362679499
2012-02-15,24.45649719,24.56370648081038,-0.10720929081038122
2012-02-16,24.62097359,24.5190319121566,0.10194167784339925
2012-02-17,24.68890572,24.650528592549684,0.038377127450317516
2012-02-21,24.60666847,24.67134686759473,-0.06467839759472938
2012-02-22,24.76041412,24.61670089311,0.1437132268900001
2012-02-23,24.7353878,24.761629677363057,-0.02624187736305572
2012-02-24,24.67102242,24.715374384487028,-0.04435196448702783
2012-02-27,24.61024284,24.674817137518104,-0.06457429751810295
2012-02-28,24.61739349,24.633956112473175,-0.01656262247317386
2012-02-29,24.97852707,24.67983072513957,0.29869634486042784
2012-03-01,24.88555145,24.94659130816175,-0.06103985816174884
2012-03-02,24.7353878,24.865206871996797,-0.12981907199679554
2012-03-05,24.75326157,24.776567596668468,-0.02330602666846815
2012-03-06,24.58521652,24.76395839200234,-0.17874187200234104
2012-03-07,24.59593773,24.56635616194497,0.029581568055029095
2012-03-08,24.76755905,24.61018231381039,0.15737673618960812
2012-03-09,24.8533783,24.787007827333532,0.0663704726664669
2012-03-12,25.08221054,24.909413566477696,0.17279697352230272
2012-03-13,25.30191612,25.160281915984356,0.14163420401564508
2012-03-14,25.29111862,25.29082941777745,0.0002892022225502444
2012-03-15,25.33072281,25.280810120054557,0.049912689945443844
2012-03-16,25.26950455,25.309951632590156,-0.0404470825901555
2012-03-19,25.35593796,25.268461540863807,0.0874764191361912
2012-03-20,25.42436409,25.35174222326446,0.07262186673554183
2012-03-21,25.61526108,25.46330857020658,0.15195250979342134
2012-03-22,25.72331047,25.634471326250555,0.08883914374944624
2012-03-23,25.7485199,25.748847877115598,-0.00032797711559595655
2012-03-26,25.89619255,25.788306117732503,0.10788643226749528
2012-03-27,25.88538933,25.890272922910153,-0.004883592910154277
2012-03-28,26.16991997,25.926663079644317,0.24325689035568132
2012-03-29,26.5841198,26.22684455478602,0.35727524521398024
2012-03-30,26.65615463,26.576040244873873,0.08011438512612656
2012-04-02,26.70296478,26.660126539372126,0.04283824062787289
2012-04-03,26.56610298,26.713898051434878,-0.1477950714348779
2012-04-04,26.4580574,26.573051153507567,-0.1149937535075658
2012-04-05,26.46165848,26.44250043795222,0.019158042047781265
2012-04-09,26.2455616,26.418225141983914,-0.17266354198391554
2012-04-10,25.93941307,26.19103028813289,-0.25161721813288906
2012-04-11,25.97542953,26.00148671194916,-0.026057181949159514
2012-04-12,26.011446,26.03722132232594,-0.025775322325941374
2012-04-13,25.91060448,25.990789854270773,-0.08018537427077277
2012-04-16,26.0906868,25.957909541980253,0.13277725801974682
2012-04-17,26.63453484,26.21025138741919,0.42428345258080924
2012-04-18,26.71378136,26.626506517328483,0.08727484267151553
2012-04-19,26.58771324,26.65393846419709,-0.06622522419709043
2012-04-20,26.69937325,26.61322185116864,0.0861513988313618
2012-04-23,26.54089928,26.660594028853232,-0.11969474885323095
2012-04-24,26.69577026,26.524419224134583,0.1713510358654169
2012-04-25,26.98751068,26.697324552763956,0.2901861272360442
2012-04-26,27.26843834,27.022176885239187,0.24626145476081263
2012-04-27,27.59980583,27.312610006014996,0.2871958239850052
2012-04-30,27.48814964,27.604444665345103,-0.11629502534510294
2012-05-01,27.70785141,27.54406350988349,0.16378790011651034
2012-05-02,27.79068756,27.703305206585956,0.08738235341404277
2012-05-03,27.89152908,27.777755950306673,0.1137731296933282
2012-05-04,27.73305702,27.802132295232653,-0.06907527523265244
2012-05-07,27.83390808,27.78510625776784,0.048801822232160674
2012-05-08,27.78347588,27.843967394583473,-0.060491514583471684
2012-05-09,27.65381432,27.785921753471733,-0.13210743347173448
2012-05-10,27.8807354,27.70266645178985,0.17806894821015007
2012-05-11,27.90234184,27.895791724810554,0.006550115189444483
2012-05-14,27.68624687,27.87169943745245,-0.18545256745244743
2012-05-15,27.57819176,27.69309692206844,-0.11490516206844248
2012-05-16,27.49173927,27.599740718847066,-0.10800144884706597
2012-05-17,27.05594635,27.39154039677048,-0.3355940467704812
2012-05-18,26.67055893,26.980179638294906,-0.30962070829490784
2012-05-21,26.83623695,26.74541187476252,0.09082507523747907
2012-05-22,26.72098351,26.818432517875973,-0.09744900787597288
2012-05-23,26.85063934,26.760366218481714,0.09027312151828681
2012-05-24,27.21442032,26.93574278484876,0.27867753515123894
2012-05-25,27.09556198,27.20483030266731,-0.10926832266731168
2012-05-29,27.17839813,27.090146342011703,0.08825178798829825
2012-05-30,27.03433228,27.14909493425466,-0.11476265425465826
2012-05-31,26.91547585,26.983333132811296,-0.06785728281129622
2012-06-01,26.32479668,26.750645133224662,-0.42584845322466336
2012-06-04,26.522892,26.40704091950084,0.1158510804991586
2012-06-05,26.37881851,26.482181346556818,-0.1033628365568191
2012-06-06,26.87225342,26.4960223790056,0.3762310409944014
2012-06-07,26.75339699,26.81552745519442,-0.06213046519442145
2012-06-08,27.09915733,26.882311277765936,0.2168460522340645
2012-06-11,26.8902626,27.032377713947593,-0.14211511394759313
2012-06-12,27.08475494,26.94453679002839,0.1402181499716093
2012-06-13,27.08476067,27.01521781303762,0.06954285696238216
2012-06-14,27.46550751,27.122542851056384,0.3429646589436146
2012-06-15,27.59243202,27.425951358485747,0.16648066151425311
2012-06-18,27.55254936,27.58367293195111,-0.031123571951109597
2012-06-19,27.46550751,27.54804654409946,-0.08253903409946162
2012-06-20,27.40024567,27.473381119023276,-0.07313544902327607
2012-06-21,27.0775032,27.319290363989957,-0.24178716398995803
2012-06-22,27.17540932,27.07789989703617,0.09750942296383158
2012-06-25,27.11376572,27.180868786020106,-0.06710306602010618
2012-06-26,27.22617531,27.147092540714542,0.07908276928545632
2012-06-27,27.68308449,27.339335376696184,0.3437491133038151
2012-06-28,27.76650238,27.721947160744158,0.04455521925584094
2012-06-29,28.35395813,27.862683850522888,0.49127427947711055
2012-07-02,28.61867905,28.387917454169646,0.23076159583035505
2012-07-03,28.70571136,28.618349913426304,0.08736144657369493
2012-07-05,28.44824028,28.599814720154722,-0.15157444015472166
2012-07-06,28.33945274,28.465089564027284,-0.1256368240272856
2012-07-09,28.27779961,28.305798575040495,-0.027998965040495705
2012-07-10,28.27779961,28.24831703080565,0.02948257919434738
2012-07-11,28.0892334,28.241578886698534,-0.15234548669853254
2012-07-12,27.79188347,28.088553224523817,-0.29666975452381905
2012-07-13,28.02396393,27.935006385793457,0.08895754420654356
2012-07-16,27.73386192,27.998209217181955,-0.26434729718195626
2012-07-17,28.17263794,27.794874191862366,0.37776374813763525
2012-07-18,28.08197975,28.127593103220608,-0.045613353220609554
2012-07-19,28.12187958,28.119418156954776,0.0024614230452257857
2012-07-20,27.93330765,28.07680880586801,-0.14350115586800882
2012-07-23,27.87891197,27.979384363424007,-0.10047239342400616
2012-07-24,27.79912949,27.820430081462444,-0.02130059146244534
2012-07-25,27.92967415,27.803331193909013,0.126342956090987
2012-07-26,28.59328461,28.033441371014735,0.5598432389852661
2012-07-27,29.0139389,28.628108564137634,0.3858303358623658
2012-07-30,29.41646576,29.085616289056727,0.3308494709432743
2012-07-31,29.30042076,29.38280080191273,-0.08238004191272807
2012-08-01,29.37656975,29.340288491033277,0.036281258966724295
2012-08-02,28.91965294,29.238677695131837,-0.3190247551318386
2012-08-03,29.31129837,28.961179552688844,0.3501188173111558
2012-08-06,29.24240303,29.214888667374648,0.02751436262535023
2012-08-07,28.92690277,29.17777891868299,-0.2508761486829876
2012-08-08,28.85076141,28.968211600502947,-0.11745019050294658
2012-08-09,28.73471451,28.937679331345233,-0.2029648213452333
2012-08-10,28.57152939,28.715181175426554,-0.143651785426556
2012-08-13,28.50263786,28.552399254748906,-0.04976139474890573
2012-08-14,28.56064987,28.52710555181103,0.03354431818896941
2012-08-15,28.53890228,28.55434746262658,-0.01544518262658201
2012-08-16,28.68393898,28.60070566579052,0.08323331420947966
2012-08-17,28.66943741,28.674618029661335,-0.005180619661334873
2012-08-20,28.62592888,28.65557793187137,-0.029649051871370347
2012-08-21,28.47361755,28.593821089316016,-0.1202035393160159
2012-08-22,28.11823845,28.409418116188274,-0.29117966618827396
2012-08-23,27.63957596,28.013699570507505,-0.37412361050750675
2012-08-24,27.90066528,27.722526223773418,0.17813905622658055
2012-08-27,27.68308449,27.83811005280758,-0.15502556280758029
2012-08-28,27.55979538,27.65486286988223,-0.09506748988222924
2012-08-29,27.16815758,27.508123008329793,-0.33996542832979415
2012-08-30,26.93607521,27.214363595030253,-0.27828838503025466
2012-08-31,27.12465096,26.96896529728785,0.1556856627121519
2012-09-04,27.03760529,27.07642119579588,-0.038815905795882344
2012-09-05,27.20441246,27.028339051795946,0.17607340820405426
2012-09-06,27.66858482,27.28581509877779,0.38276972122221053
2012-09-07,27.48726845,27.637204174335015,-0.14993572433501612
2012-09-10,27.31321144,27.42283650985908,-0.10962506985908149
2012-09-11,27.39299393,27.340984633010677,0.052009296989321996
2012-09-12,27.41853523,27.359391868804636,0.05914336119536401
2012-09-13,28.00269508,27.45322928824208,0.5494657917579175
2012-09-14,27.83475113,27.909016166466916,-0.07426503646691529
2012-09-17,28.00269508,27.883493071323432,0.1192020086765666
2012-09-18,28.19984055,28.06655158808446,0.13328896191553952
2012-09-19,28.12683296,28.213423119535747,-0.08659015953574567
2012-09-20,28.21444893,28.078149498190445,0.1362994318095545
2012-09-21,27.76903725,28.095541940475684,-0.32650469047568365
2012-09-24,27.83475113,27.825721703446618,0.009029426553382791
2012-09-25,27.51346588,27.764546131705373,-0.25108025170537474
2012-09-26,27.57188416,27.57151290923318,0.0003712507668183207
2012-09-27,27.97348785,27.62006402487431,0.3534238251256916
2012-09-28,27.69602203,27.951488535258388,-0.25546650525838643
2012-10-01,28.02460098,27.78468304116962,0.23991793883037715
2012-10-02,27.99539375,28.04317432958112,-0.04778057958111859
2012-10-03,27.92237854,28.007137085213152,-0.08475854521315185
2012-10-04,27.98809242,27.87516397570751,0.11292844429249271
2012-10-05,28.17064285,28.042538245441136,0.12810460455886385
2012-10-08,28.17064285,28.1315207526387,0.039122097361300234
2012-10-09,28.15604401,28.1767309005356,-0.020686890535600355
2012-10-10,27.81284142,28.11596475102293,-0.30312333102292754
2012-10-11,27.82745361,27.8423603840884,-0.01490677408840213
2012-10-12,27.91506958,27.857468197463067,0.0576013825369337
2012-10-15,27.84205055,27.891230351357773,-0.049179801357773556
2012-10-16,27.67410851,27.787949690941772,-0.11384118094177254
2012-10-17,27.5572834,27.700779827020426,-0.14349642702042686
2012-10-18,27.63029861,27.61597331851978,0.014325291480218993
2012-10-19,27.309021,27.54990430841403,-0.24088330841402694
2012-10-22,27.1848793,27.28759594248369,-0.10271664248369206
2012-10-23,26.73217201,27.109830976644822,-0.3776589666448231
2012-10-24,26.92931366,26.829183604374897,0.10013005562510102
2012-10-25,27.08265877,26.94405578705458,0.13860298294541806
2012-10-26,27.04614639,27.061537955729136,-0.015391565729135692
2012-10-31,27.14837456,27.048919064058424,0.09945549594157654
2012-11-01,27.25790405,27.224480531897687,0.03342351810231392
2012-11-02,27.07535744,27.206772475580827,-0.1314150355808259
2012-11-05,26.84900093,27.002157914463552,-0.15315698446355341
2012-11-06,27.32361603,26.942083412666715,0.3815326173332849
2012-11-07,26.81249619,27.16284464866266,-0.3503484586626584
2012-11-08,26.54961395,26.767532767780477,-0.2179188177804754
2012-11-09,26.49850655,26.596553774397915,-0.09804722439791647
2012-11-12,26.34517288,26.521830745017546,-0.1766578650175461
2012-11-13,26.40359116,26.32449393084703,0.07909722915297124
2012-11-14,26.29405403,26.390954555172268,-0.09690052517226633
2012-11-15,26.60072899,26.391840834458762,0.20888815554123852
2012-11-16,26.69566917,26.617251654866397,0.07841751513360151
2012-11-19,27.19219398,26.811166098878562,0.3810278811214367
2012-11-20,27.19948196,27.1235852303456,0.07589672965439931
2012-11-21,27.30171776,27.21267354039935,0.08904421960064823
2012-11-23,27.69602203,27.35311350022355,0.3429085297764516
2012-11-26,27.27980232,27.588268497633862,-0.30846617763386064
2012-11-27,27.32361603,27.2544225132871,0.0691935167129003
2012-11-28,27.61402893,27.382159339129913,0.23186959087008674
2012-11-29,27.91545486,27.67656657841673,0.23888828158327158
2012-11-30,27.87869835,27.848025452675877,0.030672897324123483
2012-12-03,27.48168945,27.852715278872605,-0.3710258288726038
2012-12-04,27.31258774,27.521477714342495,-0.2088899743424939
2012-12-05,27.43022346,27.377051641558673,0.0531718184413279
2012-12-06,27.48168945,27.419895714100303,0.06179373589969828
2012-12-07,27.72429848,27.475649997299517,0.24864848270048512
2012-12-10,27.67284012,27.745403405628338,-0.07256328562833758
2012-12-11,27.83458328,27.78089997963045,0.05368330036954916
2012-12-12,27.67284012,27.825997129859566,-0.15315700985956582
2012-12-13,27.64343452,27.672650837747696,-0.029216317747696507
2012-12-14,27.68754578,27.618994762741416,0.06855101725858503
2012-12-17,27.56991577,27.6517264168524,-0.08181064685240003
2012-12-18,27.40816689,27.53276716018851,-0.12460027018850894
2012-12-19,27.04056931,27.366432553753963,-0.3258632437539646
2012-12-20,27.23906898,27.145002166801753,0.09406681319824628
2012-12-21,27.12143135,27.208605852025332,-0.08717450202533072
2012-12-24,27.00380707,27.116666080917863,-0.11285901091786243
2012-12-26,26.77589989,26.95898540090075,-0.18308551090074943
2012-12-27,26.77589989,26.846657862008236,-0.0707579720082343
2012-12-28,26.44506454,26.714251345166055,-0.2691868051660542
2012-12-31,26.65092087,26.495690045342062,0.15523082465793792
2013-01-02,27.64343452,26.80151373884374,0.8419207811562579
2013-01-03,27.64343452,27.5853435638713,0.05809095612869797
2013-01-04,27.68754578,27.63057204373897,0.05697373626103186
2013-01-07,27.42286873,27.67488792349974,-0.2520191934997378
2013-01-08,27.23171616,27.43476236344497,-0.20304620344496982
2013-01-09,27.22436714,27.134897916318415,0.08946922368158283
2013-01-10,27.1729126,27.15130137679988,0.021611223200121543
2013-01-11,27.13613892,27.12709218575184,0.009046734248158828
2013-01-14,27.19496346,27.199845730908116,-0.004882270908115771
2013-01-15,27.43758392,27.331497048298644,0.10608687170135767
2013-01-16,27.43758392,27.440197422108138,-0.0026135021081366006
2013-01-17,27.57725906,27.458386059190516,0.11887300080948293
2013-01-18,27.71695137,27.588956608444978,0.12799476155502276
2013-01-22,27.29788589,27.607303475979133,-0.3094175859791335
2013-01-23,27.29788589,27.301790284034464,-0.003904394034464076
2013-01-24,27.28318024,27.29536343689174,-0.012183196891740522
2013-01-25,27.23906898,27.25872361020627,-0.019654630206272117
2013-01-28,27.20966339,27.207766071146267,0.0018973188537323438
2013-01-29,27.51109123,27.323689452088363,0.1874017779116386
2013-01-30,27.56991577,27.53022232969658,0.03969344030342015
2013-01-31,27.37876701,27.53388905992278,-0.155122049922781
2013-02-01,27.59931564,27.434462398214897,0.16485324178510297
2013-02-04,27.45962715,27.56590827676563,-0.10628112676563006
2013-02-05,28.0404377,27.553974739389925,0.48646296061007277
2013-02-06,28.16542053,28.010522303649196,0.1548982263508023
2013-02-07,28.60654068,28.246126465379383,0.36041421462061507
2013-02-08,28.50360489,28.558008351795003,-0.05440346179500466
2013-02-11,28.38598061,28.534637885026825,-0.14865727502682446
2013-02-12,27.61402893,28.22171229205904,-0.6076833620590385
2013-02-13,27.35669708,27.583647791452613,-0.2269507114526128
2013-02-14,27.08468246,27.287944665831326,-0.20326220583132582
2013-02-15,27.51109123,27.173279913915795,0.3378113160842062
2013-02-19,27.69488716,27.540450328281736,0.1544368317182645
2013-02-20,27.73900414,27.760680620659567,-0.021676480659568398
2013-02-21,27.72429848,27.814980136044266,-0.09068165604426426
2013-02-22,28.31981659,27.903232588396616,0.4165840016033826
2013-02-25,27.73165512,28.11688425109535,-0.3852291310953504
2013-02-26,28.01838493,27.715560502166777,0.3028244278332224
2013-02-27,28.26834869,28.032063962573616,0.2362847274263835
2013-02-28,28.46684647,28.29276169749897,0.17408477250102905
2013-03-01,28.45215034,28.41420587484421,0.037944465155788976
2013-03-04,28.54037476,28.52542531865533,0.014949441344668912
2013-03-05,28.43744278,28.523069440938272,-0.08562666093827076
2013-03-06,28.68741608,28.487033468258517,0.20038261174148175
2013-03-07,28.76092911,28.681815319363757,0.07911379063624224
2013-03-08,28.83445358,28.72970352616329,0.10475005383671032
2013-03-11,28.90062714,28.860217335578106,0.04040980442189479
2013-03-12,28.6432991,28.884000888000845,-0.24070178800084463
2013-03-13,28.57665062,28.64098111812843,-0.06433049812843095
2013-03-14,28.89507866,28.633939705467228,0.2611389545327718
2013-03-15,28.75437737,28.85140122080052,-0.09702385080051812
2013-03-18,28.70254326,28.735296471031926,-0.03275321103192752
2013-03-19,29.12464905,28.82371342762979,0.30093562237020777
2013-03-20,29.52451706,29.21437877601995,0.31013828398005217
2013-03-21,29.67262459,29.495298842902862,0.17732574709713944
2013-03-22,29.6504097,29.6522752084664,-0.0018655084663983246
2013-03-25,29.70965576,29.67424013270809,0.03541562729191128
2013-03-26,30.13174438,29.783181713451057,0.3485626665489434
2013-03-27,29.78370094,30.01537941038798,-0.23167847038797973
2013-03-28,29.94661331,29.772570218895797,0.17404309110420257
2013-04-01,29.95401955,29.962415583751053,-0.008396033751051135
2013-04-02,30.15396881,30.04152510242986,0.1124437075701401
2013-04-03,29.74668503,30.03731538459385,-0.29063035459385134
2013-04-04,30.02066994,29.850038700748886,0.17063123925111512
2013-04-05,29.68003273,29.96948368876314,-0.2894509587631404
2013-04-08,30.25763321,29.82258731738733,0.43504589261267057
2013-04-09,30.14654922,30.19466559059922,-0.048116370599220915
2013-04-10,30.41313744,30.209642438069505,0.20349500193049508
2013-04-11,30.49459457,30.409842741011538,0.08475182898846256
2013-04-12,30.42054176,30.53551163783789,-0.11496987783788981
2013-04-15,29.68743896,30.250100222162036,-0.5626612621620346
2013-04-16,31.37582397,29.98376553266957,1.39205843733043
2013-04-17,31.50910378,31.308289963731436,0.20081381626856398
2013-04-18,31.17587471,31.35869964970369,-0.18282493970369273
2013-04-19,31.59056473,31.2793825875324,0.3111821424676009
2013-04-22,31.6349926,31.73600916318472,-0.10101656318471797
2013-04-23,31.62018776,31.526077902860084,0.09410985713991593
2013-04-24,31.21289444,31.44856224618168,-0.23566780618168082
2013-04-25,31.36100769,31.262088537086825,0.09891915291317588
2013-04-26,31.17587471,31.311889495827135,-0.1360147858271361
2013-04-29,31.27956009,31.280485320059935,-0.0009252300599342789
2013-04-30,31.34620285,31.270034683324297,0.07616816667570347
2013-05-01,31.25733376,31.366569461027073,-0.10923570102707103
2013-05-02,31.07220268,31.276505808708663,-0.20430312870866274
2013-05-03,31.27956009,31.143474269304,0.13608582069599962
2013-05-06,31.16106796,31.239384773947727,-0.07831681394772616
2013-05-07,31.62018776,31.20848289207345,0.4117048679265487
2013-05-08,31.44245338,31.568541989190088,-0.1260886091900879
2013-05-09,31.19068336,31.410893204855444,-0.22020984485544304
2013-05-10,31.21289444,31.21610691809668,-0.0032124780966817923
2013-05-13,31.24251938,31.24774471133768,-0.005225331337680217
2013-05-14,31.48690033,31.225334620749308,0.2615657092506929
2013-05-15,31.78310394,31.499079647685047,0.2840242923149532
2013-05-16,31.90899849,31.813493591140762,0.09550489885923596
2013-05-17,31.82012749,31.894727704464707,-0.07460021446470577
2013-05-20,31.38321114,31.77463991653113,-0.3914287765311286
2013-05-21,31.35360527,31.3754397145539,-0.0218344445538996
2013-05-22,31.28695488,31.300907931846798,-0.013953051846797848
2013-05-23,31.0499897,31.22101763962064,-0.17102793962063956
2013-05-24,31.27956009,31.104436298304286,0.17512379169571446
2013-05-28,31.50910378,31.3524706620371,0.15663311796290103
2013-05-29,30.65751839,31.365574846688613,-0.7080564566886132
2013-05-30,30.19098091,30.612480585217828,-0.4214996752178273
2013-05-31,29.61338997,30.14833282693654,-0.5349428569365386
2013-06-03,30.22060966,29.746122726510247,0.4744869334897537
2013-06-04,30.67232513,30.169152803747206,0.5031723262527947
2013-06-05,30.10211182,30.534493126105588,-0.43238130610558656
2013-06-06,30.2057972,30.19903467949199,0.006762520508008407
2013-06-07,30.66491508,30.417029496384963,0.24788558361503732
2013-06-10,30.49459457,30.582993478174494,-0.08839890817449358
2013-06-11,30.2057972,30.292184763808734,-0.08638756380873502
2013-06-12,30.11631012,30.179018785615682,-0.06270866561568056
2013-06-13,30.13123322,30.14047066038354,-0.009237440383540019
2013-06-14,30.07904243,30.118830670195546,-0.039788240195544944
2013-06-17,30.33255577,30.108949713814162,0.22360605618583662
2013-06-18,30.51897049,30.342054945023346,0.17691554497665507
2013-06-19,30.13123322,30.454405702772075,-0.3231724827720761
2013-06-20,29.17682648,29.990197726689406,-0.8133712466894067
2013-06-21,29.64655495,29.318069769383293,0.3284851806167062
2013-06-24,29.47507477,29.582048751172586,-0.10697398117258672
2013-06-25,29.61675072,29.424888023597415,0.19186269640258402
2013-06-26,30.07158852,29.664642356108793,0.40694616389120597
2013-06-27,30.01938248,30.13442063420769,-0.11503815420768859
2013-06-28,29.90753174,30.013249988826427,-0.10571824882642744
2013-07-01,30.16851616,29.97195899663002,0.19655716336998097
2013-07-02,30.10139465,30.109423580372052,-0.008028930372052656
2013-07-03,30.19087791,30.03251900370032,0.1583589062996822
2013-07-05,30.21325493,30.184920966167425,0.02833396383257636
2013-07-08,30.22817039,30.224987310725624,0.0031830792743754444
2013-07-09,30.44441223,30.26402144981634,0.18039078018366084
2013-07-10,30.33255577,30.438359907994045,-0.10580413799404553
2013-07-11,30.59352493,30.36674345693513,0.22678147306487162
2013-07-12,30.59352493,30.586480366234117,0.007044563765884249
2013-07-15,30.57862091,30.611896771250677,-0.03327586125067583
2013-07-16,29.99700546,30.497166688124818,-0.5001612281248171
2013-07-17,30.45185089,30.134245451647736,0.3176054383522633
2013-07-18,30.42949295,30.4248133841781,0.00467956582189899
2013-07-19,30.63827515,30.45269062911127,0.18558452088872812
2013-07-22,30.45185089,30.583804103855464,-0.1319532138554642
2013-07-23,30.54133034,30.55110020765501,-0.009769867655013087
2013-07-24,30.46677399,30.533046738418033,-0.06627274841803299
2013-07-25,30.45185089,30.469801166759385,-0.017950276759385986
2013-07-26,30.30273056,30.391562749187862,-0.08883218918786184
2013-07-29,30.03430748,30.251316925288208,-0.21700944528820898
2013-07-30,30.06412697,30.0806940016973,-0.016567031697299228
2013-07-31,29.88517952,30.038348810838205,-0.1531692908382034
2013-08-01,30.25053978,29.965554560226014,0.2849852197739864
2013-08-02,29.98956108,30.20265039407458,-0.21308931407457976
2013-08-05,30.04174995,30.050906573961466,-0.009156623961466437
2013-08-06,30.10139465,30.068036006525364,0.03335864347463513
2013-08-07,29.9373703,30.098544087294083,-0.16117378729408216
2013-08-08,29.97464943,29.899171286848805,0.07547814315119439
2013-08-09,29.94482231,29.96571088222596,-0.02088857222596019
2013-08-12,29.69876671,29.90502336190118,-0.20625665190117815
2013-08-13,29.56454659,29.669718937565143,-0.10517234756514426
2013-08-14,29.47507477,29.593737383197865,-0.1186626131978663
2013-08-15,29.1469841,29.415104460306647,-0.26812036030664643
2013-08-16,29.11716461,29.159595988286075,-0.04243137828607502
2013-08-19,28.91584587,29.10136699311176,-0.18552112311176217
2013-08-20,28.81891823,28.911551431616985,-0.09263320161698374
2013-08-21,28.54302216,28.77437016934298,-0.23134800934298028
2013-08-22,28.56539536,28.586669782103712,-0.021274422103712
2013-08-23,28.72197151,28.577832107801747,0.1441394021982525
2013-08-26,28.42372322,28.646296104234004,-0.22257288423400468
2013-08-27,28.44608879,28.435986873644744,0.010101916355257146
2013-08-28,28.59521675,28.493895752770886,0.10132099722911292
2013-08-29,28.40880966,28.546586776240773,-0.13777711624077327
2013-08-30,28.46845627,28.381739132729678,0.08671713727032326
2013-09-03,28.25968361,28.428033671241597,-0.1683500612415969
2013-09-04,28.73688507,28.366808466147056,0.3700766038529437
2013-09-05,28.51320267,28.64852084775155,-0.1353181777515502
2013-09-06,28.59521675,28.53753474228798,0.05768200771201748
2013-09-09,28.72197151,28.597278923655335,0.12469258634466485
2013-09-10,28.80400085,28.763288703809657,0.040712146190344356
2013-09-11,28.91584587,28.783657183107607,0.13218868689239116
2013-09-12,28.87077904,28.89145969224516,-0.02068065224516147
2013-09-13,29.05853844,28.912300337962066,0.14623810203793397
2013-09-16,29.18622398,29.053819150171513,0.1324048298284879
2013-09-17,29.13365173,29.186275259845253,-0.05262352984525265
2013-09-18,29.73450661,29.22748437844798,0.5070222315520212
2013-09-19,29.52420044,29.676455193728593,-0.15225475372859165
2013-09-20,29.59180069,29.538714181492068,0.053086508507931285
2013-09-23,29.01348114,29.487689928629216,-0.4742087886292161
2013-09-24,28.93836403,29.06825212469653,-0.12988809469653262
2013-09-25,28.78816795,28.875069976804596,-0.08690202680459791
2013-09-26,29.09609795,28.86666901132751,0.22942893867249126
2013-09-27,28.84073257,29.02160873772145,-0.18087616772145054
2013-09-30,28.45018959,28.842138405162338,-0.3919488151623369
2013-10-01,28.50275612,28.563641179699633,-0.06088505969963265
2013-10-02,28.11221313,28.470782229312125,-0.358569099312124
2013-10-03,27.90941429,28.06071871678871,-0.15130442678870892
2013-10-04,27.93947029,27.897636678223165,0.04183361177683409
2013-10-07,27.82681465,27.96418366759435,-0.13736901759435227
2013-10-08,27.99954987,27.86701358292921,0.13253628707078846
2013-10-09,27.8493309,27.999454814834493,-0.1501239148344915
2013-10-10,28.3750782,27.945254353833416,0.42982384616658464
2013-10-11,28.36756325,28.325281428198835,0.04228182180116491
2013-10-14,28.47271919,28.396836472892943,0.07588271710705641
2013-10-15,28.28495216,28.36951851855617,-0.08456635855617023
2013-10-16,28.54031563,28.34783466261307,0.19248096738692766
2013-10-17,28.95339584,28.56790916338341,0.38548667661659053
2013-10-18,29.12614059,28.92938807577946,0.1967525142205382
2013-10-21,29.15618324,29.087528207526134,0.06865503247386684
2013-10-22,29.35896111,29.21757898184056,0.14138212815943874
2013-10-23,29.35896111,29.385744912465256,-0.026783802465256912
2013-10-24,29.14115715,29.270677943855798,-0.1295207938557965
2013-10-25,29.31390762,29.1564896535096,0.1574179664903994
2013-10-28,29.7495327,29.383690724861353,0.3658419751386468
2013-10-29,29.89222336,29.75115263417071,0.14107072582928737
2013-10-30,29.75702667,29.857048582991542,-0.10002191299154362
2013-10-31,29.71949196,29.806123470068524,-0.08663151006852488
2013-11-01,29.7495327,29.76984420711543,-0.02031150711543006
2013-11-04,29.67440796,29.715669012764828,-0.04126105276482761
2013-11-05,29.66690063,29.64836062506679,0.018540004933210952
2013-11-06,30.07998085,29.742443262077696,0.33753758792230215
2013-11-07,29.91475296,30.062212363340763,-0.14745940334076124
2013-11-08,30.07998085,29.990844690002916,0.08913615999708213
2013-11-11,29.94479942,30.077966141782735,-0.13316672178273592
2013-11-12,29.95231056,29.973383686609836,-0.021073126609834958
2013-11-13,30.13255501,29.961391795300727,0.17116321469927342
2013-11-14,30.20016289,30.14550768926283,0.054655200737173004
2013-11-15,30.20765877,30.1810678711744,0.026590898825599396
2013-11-18,30.17011452,30.223635308102214,-0.05352078810221528
2013-11-19,30.14758301,30.21072032009593,-0.06313731009592871
2013-11-20,30.08750343,30.128927585304744,-0.04142415530474253
2013-11-21,30.36538124,30.134743626341642,0.23063761365835944
2013-11-22,30.36538124,30.340337291320076,0.025043948679925876
2013-11-25,30.32032204,30.353570179126883,-0.03324813912688285
2013-11-26,30.23020172,30.31801131076854,-0.08780959076853989
2013-11-27,30.39659309,30.286579051507385,0.11001403849261493
2013-11-29,30.39659309,30.362464895991437,0.03412819400856293
2013-12-02,30.31339264,30.362545798809215,-0.049153158809215114
2013-12-03,30.51758957,30.35839197174503,0.15919759825496982
2013-12-04,30.53273392,30.539600652848193,-0.006866732848195056
2013-12-05,30.12431335,30.457927449964593,-0.333614099964592
2013-12-06,30.60080338,30.22568780292414,0.3751155770758601
2013-12-09,30.55542183,30.58720048867772,-0.03177865867771956
2013-12-10,30.13944054,30.451672326660095,-0.3122317866600959
2013-12-11,30.35121155,30.190300544275622,0.1609110057243761
2013-12-12,29.65539742,30.266227145151046,-0.6108297251510457
2013-12-13,29.67052078,29.65858738371041,0.011933396289588671
2013-12-16,29.70077324,29.664549393470196,0.03622384652980415
2013-12-17,29.57219315,29.705277567443073,-0.1330844174430723
2013-12-18,30.26801109,29.65904682101448,0.6089642689855204
2013-12-19,30.14700317,30.28763429778977,-0.14063112778976716
2013-12-20,30.2831459,30.175661809656035,0.10748409034396644
2013-12-23,30.37389946,30.277572387901035,0.09632707209896552
2013-12-24,30.39659309,30.405634496167185,-0.009041406167185073
2013-12-26,30.62348557,30.329906286705217,0.29357928329478256
2013-12-27,30.75206184,30.609688259795323,0.1423735802046764
2013-12-30,31.07727242,30.78078467008138,0.2964877499186187
2013-12-31,31.24367332,31.0807438332306,0.1629294867694
2014-01-02,30.75206184,31.182943176986335,-0.43088133698633513
2014-01-03,30.60080338,30.737506197214376,-0.1367028172143776
2014-01-06,30.45709038,30.603977861283877,-0.1468874812838763
2014-01-07,30.54784966,30.454482048906033,0.09336761109396718
2014-01-08,30.20750999,30.430112530116904,-0.22260254011690606
2014-01-09,30.04868698,30.238675943007653,-0.18998896300765367
2014-01-10,30.35121155,30.16745766378316,0.18375388621683797
2014-01-13,29.89742088,30.306390508160764,-0.4089696281607651
2014-01-14,30.01843071,29.923132462814074,0.0952982471859265
2014-01-15,30.07136726,30.018239505730083,0.05312775426991578
2014-01-16,30.03354836,30.085925418162997,-0.05237705816299609
2014-01-17,29.70832825,29.928889498471953,-0.22056124847195235
2014-01-21,30.19237518,29.838474649676055,0.3539005303239442
2014-01-22,30.17726326,30.150052727370912,0.02721053262908768
2014-01-23,29.67808342,30.06485406077118,-0.3867706407711786
2014-01-24,29.37555122,29.65206017216761,-0.2765089521676103
2014-01-27,29.29235077,29.419404116610625,-0.1270533466106265
2014-01-28,29.39823914,29.299805301693162,0.09843383830683905
2014-01-29,28.66461754,29.20732745924671,-0.5427099192467111
2014-01-30,28.86881065,28.75429933594429,0.11451131405571147
2014-01-31,28.60411453,28.86574149199358,-0.2616269619935814
2014-02-03,28.13518906,28.559328216333835,-0.4241391563338368
2014-02-04,28.34696579,28.157058012547893,0.18990777745210607
2014-02-05,28.44528389,28.392394673155845,0.05288921684415371
2014-02-06,28.76293755,28.41266587349074,0.3502716765092586
2014-02-07,28.70242882,28.715479743414388,-0.013050923414386517
2014-02-10,29.17134476,28.83030966131714,0.341035098682859
2014-02-11,29.22429466,29.122091540647077,0.10220311935292514
2014-02-12,29.12596321,29.181659624423595,-0.05569641442359696
2014-02-13,29.23185539,29.104919275268784,0.12693611473121535
2014-02-14,29.44362831,29.254206428890434,0.18942188110956693
2014-02-18,28.3393898,29.216754684353567,-0.8773648843535682
2014-02-19,28.05954742,28.32867824891768,-0.26913082891767814
2014-02-20,28.21081543,28.165791849024043,0.0450235809759576
2014-02-21,28.12005806,28.179155239996174,-0.059097179996172144
2014-02-24,28.36208725,28.120295970483593,0.24179127951640567
2014-02-25,28.56628609,28.460024768328854,0.10626132167114477
2014-02-26,28.64192772,28.63937669665799,0.002551023342011405
2014-02-27,28.79319,28.691283891282797,0.10190610871720196
2014-02-28,28.8915081,28.80719642990501,0.08431167009499063
2014-03-03,28.83100319,28.809038322374764,0.021964867625236195
2014-03-04,28.97470284,28.822497290804403,0.15220554919559603
2014-03-05,29.00495911,28.973453425453528,0.031505684546473844
2014-03-06,29.09571266,29.00995946144379,0.08575319855621188
2014-03-07,29.15621948,29.109276553919507,0.04694292608049366
2014-03-10,29.23185539,29.197249950392557,0.03460543960744289
2014-03-11,29.34529305,29.25083144962917,0.09446160037082763
2014-03-12,29.32623863,29.36204667174858,-0.03580804174858088
2014-03-13,28.94508743,29.254626242127188,-0.3095388121271867
2014-03-14,29.09754562,29.006488872216472,0.09105674778352935
2014-03-17,29.17378807,29.126646195044163,0.04714187495583744
2014-03-18,29.27288437,29.178792936221274,0.09409143377872553
2014-03-19,29.07468224,29.21826620956265,-0.1435839695626484
2014-03-20,29.31099701,29.18630101317877,0.12469599682123089
2014-03-21,29.30336761,29.305911465559365,-0.002543855559366648
2014-03-24,29.27288437,29.295311195664333,-0.02242682566433274
2014-03-25,29.44059563,29.277542467753037,0.16305316224696398
2014-03-26,29.43296242,29.433392116448438,-0.00042969644843893207
2014-03-27,29.59305573,29.46718440690456,0.12587132309543847
2014-03-28,29.69216156,29.60385744394101,0.08830411605898902
2014-03-31,29.47109222,29.64457408458339,-0.17348186458339043
2014-04-01,29.28050232,29.440180051341542,-0.15967773134154228
2014-04-02,29.2195282,29.30806925150386,-0.08854105150386005
2014-04-03,29.02132225,29.1776539874268,-0.1563317374268003
2014-04-04,29.1356678,29.030628010069893,0.10503978993010676
2014-04-07,29.44059563,29.207535317293576,0.23306031270642436
2014-04-08,29.65404129,29.486859969773022,0.16718132022697674
2014-04-09,29.72265053,29.674500110149076,0.0481504198509235
2014-04-10,29.6464138,29.72919152852063,-0.08277772852062881
2014-04-11,29.44821548,29.611992056932795,-0.16377657693279346
2014-04-14,29.52444267,29.443260318361265,0.08118235163873422
2014-04-15,30.62979889,29.644630330592697,0.9851685594073025
2014-04-16,30.9423542,30.585771805885,0.3565823941150015
2014-04-17,31.0414505,30.92617850512766,0.11527199487234085
2014-04-21,31.06432915,31.1036495143578,-0.03932036435780262
2014-04-22,31.03382301,31.139152544676534,-0.10532953467653527
2014-04-23,31.0490799,30.96485700499066,0.08422289500934
2014-04-24,31.02620506,30.961929985106956,0.06427507489304318
2014-04-25,31.26252365,31.037266698844117,0.22525695115588107
2014-04-28,31.27775764,31.281168898521557,-0.003411258521555993
2014-04-29,30.92710495,31.286578110655817,-0.359473160655817
2014-04-30,31.09481049,31.00622031299494,0.08859017700505945
2014-05-01,31.08719444,31.121008644020026,-0.03381420402002533
2014-05-02,31.21678352,31.096929389547302,0.11985413045269766
2014-05-05,31.0719471,31.17524729536867,-0.10330019536867141
2014-05-06,30.86611748,31.0943889791609,-0.2282714991609005
2014-05-07,31.18629646,30.951244074977705,0.2350523850222963
2014-05-08,31.0490799,31.172220667870565,-0.12314076787056649
2014-05-09,31.15579605,31.04549719137213,0.1102988586278677
2014-05-12,31.11768532,31.133105569893036,-0.015420249893036697
2014-05-13,31.33875847,31.20966466078057,0.1290938092194267
2014-05-14,31.17104149,31.283016684948848,-0.11197519494884745
2014-05-15,30.88899612,31.142222334037346,-0.253226214037344
2014-05-16,31.17104149,30.94597296544695,0.22506852455305193
2014-05-19,31.03382301,31.15179850722404,-0.11797549722404099
2014-05-20,30.93473244,30.996965548712073,-0.06223310871207133
2014-05-21,31.15579605,30.974348335933165,0.18144771406683446
2014-05-22,30.93473244,31.151700754810037,-0.21696831481003542
2014-05-23,30.93473244,30.926515364891564,0.008217075108436944
2014-05-27,31.07956886,30.971234398233005,0.10833446176699368
2014-05-28,30.93473244,31.042940617952375,-0.10820817795237403
2014-05-29,30.99571037,30.907404371110065,0.08830599888993618
2014-05-30,31.18629646,31.05510104089697,0.13119541910302956
2014-06-02,31.14817047,31.17630546919425,-0.028134999194250554
2014-06-03,31.16342163,31.13725309535854,0.026168534641460184
2014-06-04,31.09481049,31.169046633126626,-0.07423614312662608
2014-06-05,31.17104149,31.11058140747304,0.06046008252696211
2014-06-06,31.24727249,31.166098767038754,0.08117372296124614
2014-06-09,31.18629646,31.2349785193959,-0.048682059395897426
2014-06-10,31.30826187,31.203170804432496,0.10509106556750325
2014-06-11,31.14817047,31.295593548488498,-0.14742307848849734
2014-06-12,31.04449272,31.153531357714666,-0.10903863771466504
2014-06-13,31.00609398,31.039015103654787,-0.03292112365478772
2014-06-16,31.22881889,31.064417635021723,0.1644012549782765
2014-06-17,31.42851067,31.20829624681188,0.22021442318812134
2014-06-18,31.92006874,31.516569579810035,0.40349916018996623
2014-06-19,32.09672928,31.938872724982225,0.15785655501777285
2014-06-20,32.01990891,32.0776534400821,-0.057744530082104006
2014-06-23,32.05062485,32.040725138491354,0.00989971150864477
2014-06-24,32.14279938,32.064121731618606,0.0786776483813938
2014-06-25,32.22729492,32.10937597521359,0.1179189447864104
2014-06-26,32.28104782,32.19401841217325,0.08702940782674773
2014-06-27,32.40393829,32.3166623800181,0.08727590998189783
2014-06-30,32.53451157,32.45881215292696,0.0756994170730394
2014-07-01,32.48073959,32.55428009325315,-0.07354050325314887
2014-07-02,32.48073959,32.49341318407387,-0.012673594073874028
2014-07-03,32.43465805,32.47948729052538,-0.04482924052537385
2014-07-07,32.36553955,32.44231777011065,-0.07677822011064706
2014-07-08,32.21191025,32.34654385983277,-0.1346336098327683
2014-07-09,32.21959686,32.23703933201609,-0.01744247201608573
2014-07-10,32.45769119,32.29331836621029,0.16437282378970508
2014-07-11,32.23497772,32.42543723166667,-0.19045951166666697
2014-07-14,32.54985809,32.31384375116435,0.23601433883565193
2014-07-15,32.33481216,32.516273419153855,-0.18146125915385625
2014-07-16,32.35017776,32.356438183993006,-0.006260423993005304
2014-07-17,32.27335739,32.322184302560395,-0.04882691256039351
2014-07-18,32.58826828,32.34339446866733,0.24487381133267405
2014-07-21,32.56522369,32.54138694384128,0.023836746158721667
2014-07-22,31.63587952,32.4517314090226,-0.8158518890225999
2014-07-23,31.34403038,31.665013014766604,-0.3209826347666045
2014-07-24,31.46691513,31.420392399516597,0.04652273048340305
2014-07-25,31.48996544,31.453014947128754,0.03695049287124519
2014-07-28,31.24417686,31.36256758610227,-0.11839072610226964
2014-07-29,30.99072075,31.26690229605892,-0.2761815460589183
2014-07-30,30.4300499,30.969939634319797,-0.5398897343197966
2014-07-31,30.17659187,30.45292372089984,-0.27633185089984025
2014-08-01,30.17659187,30.170186964203488,0.006404905796511429
2014-08-04,30.26107597,30.127607396544406,0.1334685734555947
2014-08-05,30.09210968,30.20892372434658,-0.1168140443465795
2014-08-06,30.66046333,30.263770945405327,0.3966923845946724
2014-08-07,30.22267914,30.582717639371413,-0.36003849937141297
2014-08-08,30.29949188,30.24577952006366,0.05371235993634116
2014-08-11,30.39165878,30.278630346176694,0.11302843382330607
2014-08-12,30.47613525,30.38674913551388,0.08938611448611766
2014-08-13,30.67582893,30.42238107411981,0.2534478558801929
2014-08-14,30.86015129,30.711649634741192,0.14850165525880854
2014-08-15,31.39778519,30.92069523216969,0.4770899578303087
2014-08-18,31.7587738,31.42974502606719,0.3290287739328086
2014-08-19,31.68964195,31.730810478815386,-0.04116852881538691
2014-08-20,31.68196487,31.656816154631194,0.025148715368807473
2014-08-21,31.80485916,31.714733783961535,0.09012537603846482
2014-08-22,31.58212662,31.729727242787042,-0.1476006227870421
2014-08-25,31.80485916,31.579028077477023,0.22583108252297635
2014-08-26,31.95078468,31.831604376150736,0.11918030384926581
2014-08-27,31.95078468,31.97647426135351,-0.025689581353507407
2014-08-28,31.97383499,31.990545546967745,-0.016710556967744594
2014-08-29,32.04295349,32.04591212747802,-0.0029586374780166125
2014-09-02,31.98151588,32.04439763667566,-0.06288175667566165
2014-09-03,32.08903503,32.00362065316321,0.08541437683678765
2014-09-04,32.15816879,32.10519477709862,0.05297401290138026
2014-09-05,32.13511276,32.15690974337153,-0.021796983371530132
2014-09-08,32.08903503,32.16007266637312,-0.07103763637312
2014-09-09,32.21191025,32.14939156669927,0.06251868330073052
2014-09-10,32.38856506,32.251533366101505,0.1370316938984928
2014-09-11,32.45433044,32.399468867905455,0.0548615720945449
2014-09-12,32.07524872,32.3889153736402,-0.31366665364020463
2014-09-15,32.10619736,32.127792527126594,-0.021595167126591264
2014-09-16,32.21450424,32.16069469608309,0.05380954391690551
2014-09-17,32.19129562,32.18666033711512,0.004635282884876801
2014-09-18,32.33054733,32.181972094608156,0.1485752353918457
2014-09-19,32.5316925,32.37996173351901,0.1517307664809877
2014-09-22,32.66321564,32.58458915936774,0.07862648063225919
2014-09-23,32.40790558,32.62268067155815,-0.21477509155815255
2014-09-24,32.70189285,32.47670267669599,0.22519017330400715
2014-09-25,32.32281876,32.6058683449809,-0.28304958498090116
2014-09-26,32.64774323,32.37185541617479,0.2758878138252143
2014-09-29,32.68642044,32.6288226160274,0.057597823972599826
2014-09-30,33.00362778,32.758314627123234,0.24531315287676847
2014-10-01,33.06552124,32.98481752580243,0.0807037141975755
2014-10-02,33.00362778,33.10561771536567,-0.10198993536566547
2014-10-03,33.26667023,33.04316811879198,0.22350211120802044
2014-10-06,33.73083878,33.32596098607677,0.40487779392322665
2014-10-07,33.97840118,33.72091993694258,0.2574812430574198
2014-10-08,34.46580887,34.011226010523536,0.45458285947646004
2014-10-09,33.93973541,34.37551309471529,-0.43577768471529055
2014-10-10,34.40391159,34.0559910312023,0.34792055879769634
2014-10-13,34.0944519,34.33041234646433,-0.23596044646432546
2014-10-14,33.76178741,34.01964807456427,-0.2578606645642765
2014-10-15,33.4446106,33.6984865745595,-0.25387597455950583
2014-10-16,32.92625809,33.47453868315482,-0.5482805931548214
2014-10-17,33.17382813,33.007591194047684,0.1662369359523126
2014-10-20,33.4910202,33.25667201860126,0.2343481813987438
2014-10-21,31.47180367,33.23538528064304,-1.7635816106430369
2014-10-22,31.42538452,31.610541924089127,-0.18515740408912507
2014-10-23,31.6110611,31.604498680997853,0.006562419002147379
2014-10-24,31.74257278,31.596240867085683,0.14633191291431658
2014-10-27,31.53370094,31.543123385587844,-0.009422445587844663
2014-10-28,31.37897682,31.632680776650727,-0.2537039566507282
2014-10-29,31.68842125,31.524130283086173,0.16429096691382838
2014-10-30,32.02882767,31.761213143035135,0.2676145269648629
2014-10-31,32.40018082,31.976016376584496,0.4241644434155063
2014-11-03,32.34603119,32.23268403861998,0.11334715138001883
2014-11-04,32.35375977,32.37781272369898,-0.024052953698976864
2014-11-05,32.73283768,32.412288019416486,0.3205496605835165
2014-11-06,32.71737289,32.67170109373754,0.04567179626246087
2014-11-07,32.74058533,32.62956860399136,0.11101672600864276
2014-11-10,32.79473495,32.73248548484828,0.06224946515171581
2014-11-11,32.88757324,32.84867463455324,0.038898605446760826
2014-11-12,33.04229355,32.90192702936391,0.14036652063608557
2014-11-13,33.10420227,33.04948638155582,0.05471588844417852
2014-11-14,33.0577774,33.08711342825135,-0.0293360282513504
2014-11-17,33.20476913,33.09902353596007,0.10574559403993078
2014-11-18,33.67668533,33.295402176862275,0.38128315313772276
2014-11-19,34.21051025,33.717203820638346,0.4933064293616525
2014-11-20,34.23371506,34.17265195502266,0.06106310497734313
2014-11-21,34.42712402,34.26327411247528,0.16384990752472106
2014-11-24,34.24919128,34.41725091249655,-0.16805963249655065
2014-11-25,34.37297058,34.277651642857535,0.09531893714246564
2014-11-26,34.50149918,34.34535691309217,0.1561422669078354
2014-11-28,34.9221611,34.5522534844517,0.3699076155482999
2014-12-01,34.70404434,34.88655227382509,-0.1825079338250859
2014-12-02,34.69625092,34.788178198345584,-0.09192727834558667
2014-12-03,34.11979675,34.662892654554334,-0.5430959045543347
2014-12-04,33.88609695,34.15094598415716,-0.26484903415715877
2014-12-05,33.90946579,33.89157011553318,0.017895674466821276
2014-12-08,33.60566711,33.857682599082,-0.2520154890819981
2014-12-09,32.74876785,33.506890936634555,-0.758123086634555
2014-12-10,32.40601349,32.819098975975834,-0.4130854859758344
2014-12-11,32.35148621,32.515846165155416,-0.1643599551554189
2014-12-12,31.86851311,32.263667807099786,-0.39515469709978746
2014-12-15,31.60365486,31.811323017907007,-0.20766815790700832
2014-12-16,31.46343994,31.644292388446864,-0.18085244844686343
2014-12-17,32.36706161,31.69053032904075,0.6765312809592494
2014-12-18,33.02141571,32.41269086764059,0.6087248423594076
2014-12-19,32.67866898,32.8720133275917,-0.1933443475917045
2014-12-22,32.99024963,32.71198567028623,0.2782639597137688
2014-12-23,33.47323227,33.10273813495776,0.37049413504223594
2014-12-24,33.44986725,33.35767991713543,0.09218733286456882
2014-12-26,33.46544647,33.27871244941104,0.1867340205889647
2014-12-29,33.38753891,33.429539219594226,-0.042000309594222074
2014-12-30,33.30964279,33.39085984563557,-0.08121705563556958
2014-12-31,32.88898468,33.23947282840674,-0.3504881484067397
2015-01-02,32.82666779,32.906187970796815,-0.07952018079681267
2015-01-05,32.82666779,32.7851703215636,0.041497468436404006
2015-01-06,33.07595444,32.88904003588344,0.1869144041165569
2015-01-07,33.48881149,33.13962837888048,0.3491831111195225
2015-01-08,33.89388657,33.558067626912894,0.335818943087105
2015-01-09,33.51996994,33.82236611336183,-0.3023961733618279
2015-01-12,33.21617126,33.49504614642147,-0.2788748864214696
2015-01-13,33.20838547,33.22491808329556,-0.016532613295559884
2015-01-14,33.15384674,33.174769010714314,-0.020922270714315516
2015-01-15,33.01362991,33.04123820520467,-0.027608295204672118
2015-01-16,33.13047791,33.05218668944428,0.07829122055572668
2015-01-20,33.62123108,33.27736304727914,0.34386803272086297
2015-01-21,33.77703857,33.684532139379385,0.0925064306206167
2015-01-22,34.10420227,33.836173140696516,0.26802912930348555
2015-01-23,33.7380867,34.0238248856081,-0.2857381856081034
2015-01-26,33.49660873,33.72576175929184,-0.22915302929184378
2015-01-27,33.02141571,33.42271065049242,-0.40129494049242
2015-01-28,32.6552887,32.949635699221616,-0.29434699922161656
2015-01-29,32.79551315,32.65742584385402,0.13808730614597664
2015-01-30,32.07104874,32.689255182525564,-0.6182064425255618
2015-02-02,32.39822006,32.22043304626365,0.1777870137363493
2015-02-03,32.42938995,32.461019700594484,-0.03162975059448314
2015-02-04,32.4683342,32.49217394175328,-0.023839741753278076
2015-02-05,32.55403137,32.43276447175753,0.12126689824246739
2015-02-06,32.28916931,32.55634827156897,-0.26717896156897325
2015-02-09,32.11779404,32.244149259333824,-0.1263552193338242
2015-02-10,33.02921295,32.19821164527204,0.8310013047279625
2015-02-11,33.0058403,32.96209279177486,0.04374750822514528
2015-02-12,32.85004044,32.88905854712259,-0.0390181071225868
2015-02-13,32.70982742,32.87883283033943,-0.16900541033942318
2015-02-17,32.56960678,32.77599640305304,-0.20638962305304176
2015-02-18,32.50727844,32.50607867468285,0.0011997653171533784
2015-02-19,32.80329895,32.51348224112569,0.2898167088743051
2015-02-20,32.69425201,32.74042239156504,-0.04617038156504094
2015-02-23,32.60076523,32.70965400566732,-0.10888877566731736
2015-02-24,32.81887817,32.72362625795755,0.09525191204244976
2015-02-25,32.75656128,32.815147457340004,-0.05858617734000404
2015-02-26,33.07595444,32.77089942621561,0.30505501378438993
2015-02-27,33.73030472,33.145329093299026,0.5849756267009738
2015-03-02,33.65240097,33.683039626830805,-0.030638656830802802
2015-03-03,33.45765686,33.60651561922293,-0.14885875922293224
2015-03-04,33.10709763,33.448068447464244,-0.34097081746424607
2015-03-05,33.02921295,33.12124959686916,-0.09203664686916113
2015-03-06,32.34369278,32.85521158125289,-0.5115188012528904
2015-03-09,32.24241638,32.351425086981045,-0.1090087069810437
2015-03-10,31.6971283,32.185635628793705,-0.4885073287937054
2015-03-11,31.23753738,31.718666187776023,-0.48112880777602385
2015-03-12,31.86589432,31.424317209490198,0.441577110509801
2015-03-13,31.34750175,31.79588891946691,-0.44838716946691193
2015-03-16,31.64596939,31.413785721954433,0.23218366804556823
2015-03-17,31.81876373,31.679418191505608,0.13934553849439268
2015-03-18,31.88945961,31.87949295428095,0.009966655719050976
2015-03-19,31.43388939,31.70698113006558,-0.2730917400655777
2015-03-20,31.92874527,31.561483789052765,0.367261480947235
2015-03-23,31.90516853,31.857537214928534,0.04763131507146667
2015-03-24,31.78735352,31.815056402208356,-0.027702882208355817
2015-03-25,31.77163887,31.771606730496863,3.2139503137074144e-05
2015-03-26,31.69309044,31.795951380366645,-0.1028609403666465
2015-03-27,31.48101425,31.64766009048841,-0.16664584048841036
2015-03-30,31.81876373,31.543552722421047,0.2752110075789531
2015-03-31,31.8501873,31.800315848407067,0.049871451592935045
2015-04-01,31.95229149,31.83467327060572,0.11761821939428074
2015-04-02,31.95229149,31.978013728510078,-0.02572223851007749
2015-04-06,32.33716583,32.048189650737626,0.2889761792623773
2015-04-07,32.21148682,32.27523431781292,-0.06374749781291911
2015-04-08,32.11723709,32.18166940822493,-0.06443231822492379
2015-04-09,32.24291611,32.135420500654824,0.10749560934517888
2015-04-10,32.10938263,32.223107550542856,-0.11372492054285743
2015-04-13,31.96800041,32.070210585016156,-0.10221017501615748
2015-04-14,31.81876373,31.957655663671247,-0.1388919336712462
2015-04-15,31.73236084,31.839554380698104,-0.1071935406981055
2015-04-16,31.88945961,31.77435553346094,0.1151040765390583
2015-04-17,31.65381813,31.868989724678457,-0.2151715946784556
2015-04-20,31.93658066,31.719451874472384,0.21712878552761694
2015-04-21,32.03083038,31.964467272890133,0.06636310710986493
2015-04-22,32.44713211,32.091701694698145,0.3554304153018535
2015-04-23,32.16436768,32.34729843454341,-0.18293075454341334
2015-04-24,32.11723709,32.180947702343616,-0.06371061234361264
2015-04-27,32.07011795,32.101262764583666,-0.031144814583669245
2015-04-28,32.02298737,32.059620528821846,-0.036633158821842926
2015-04-29,31.80304718,31.940438479531203,-0.13739129953120255
2015-04-30,31.85803604,31.82896135299952,0.029074687000480992
2015-05-01,32.13295364,31.949302149178045,0.1836514908219513
2015-05-04,32.17222977,32.15266601376808,0.01956375623191775
2015-05-05,32.00727463,32.146385051747714,-0.13911042174771637
2015-05-06,31.93658066,32.004058714360255,-0.06747805436025445
2015-05-07,31.96800041,31.979279233862187,-0.011278823862188148
2015-05-08,32.18793488,31.974390396648744,0.21354448335125653
2015-05-11,32.15652084,32.13557763661991,0.020943203380092257
2015-05-12,31.96014977,32.119682959481956,-0.15953318948195516
2015-05-13,32.24291611,32.05175770293171,0.19115840706829346
2015-05-14,32.59636307,32.31891024970561,0.27745282029439267
2015-05-15,32.61206818,32.5501519290188,0.06191625098119857
2015-05-18,32.45499039,32.54985336068075,-0.09486297068075089
2015-05-19,32.44713211,32.50020818103535,-0.05307607103534906
2015-05-20,32.47854614,32.46781940829268,0.010726731707322301
2015-05-21,32.38429642,32.437327627527026,-0.05303120752702739
2015-05-22,32.36857986,32.358923579720916,0.009656280279081386
2015-05-26,32.19578552,32.34867048812809,-0.15288496812809171
2015-05-27,32.29790115,32.26646622435511,0.03143492564488781
2015-05-28,32.31360245,32.31444423425829,-0.0008417842582915114
2015-05-29,32.17222977,32.282665996212906,-0.11043622621290439
2015-06-01,32.15652084,32.15521355054167,0.0013072894583316952
2015-06-02,32.19578552,32.200653301277626,-0.004867781277624772
2015-06-03,32.1015358,32.17587781529882,-0.0743420152988179
2015-06-04,31.88160706,32.05954469701391,-0.17793763701391185
2015-06-05,31.49671936,31.83885248508244,-0.34213312508244087
2015-06-08,31.54385757,31.54269171752325,0.001165852476749052
2015-06-09,31.57528305,31.560238967238185,0.015044082761814792
2015-06-10,31.67739105,31.579069849435847,0.09832120056415405
2015-06-11,31.75657654,31.679751550891,0.07682498910899938
2015-06-12,31.64570618,31.780132215701187,-0.1344260357011855
2015-06-15,31.35268974,31.623411943538336,-0.2707222035383374
2015-06-16,31.74073792,31.43837605212354,0.3023618678764599
2015-06-17,31.89120674,31.720036951903914,0.17116978809608696
2015-06-18,32.19213867,31.8854868884696,0.3066517815303982
2015-06-19,31.99416542,32.13126168130348,-0.1370962613034763
2015-06-22,32.05750656,32.059749352073204,-0.002242792073204214
2015-06-23,31.97832298,32.04667605160578,-0.06835307160577742
2015-06-24,31.82785606,31.9399370143758,-0.11208095437580212
2015-06-25,31.69322586,31.748904851647552,-0.055678991647553744
2015-06-26,31.67738724,31.692243606877103,-0.014856366877101124
2015-06-29,31.20223045,31.62237740912782,-0.4201469591278233
2015-06-30,31.06759262,31.211825862930215,-0.14423324293021622
2015-07-01,31.28141403,31.153850685876577,0.1275633441234234
2015-07-02,31.27349663,31.2736390825928,-0.00014245259280087907
2015-07-06,31.21806908,31.258348109783494,-0.040279029783494735
2015-07-07,31.87536812,31.371925991145964,0.5034421288540365
2015-07-08,31.56651688,31.82644306488819,-0.2599261848881902
2015-07-09,31.61402893,31.53595207572306,0.07807685427694011
2015-07-10,31.98624229,31.660981140824376,0.3252611491756241
2015-07-13,32.20007324,31.99645881590466,0.20361442409534192
2015-07-14,32.6039505,32.17066484255376,0.43328565744624115
2015-07-15,32.57227325,32.58780325453678,-0.015530004536778108
2015-07-16,32.84944534,32.6297549963418,0.2196903436582005
2015-07-17,32.66730881,32.81058671109249,-0.14327790109248895
2015-07-20,32.77025223,32.70745190261688,0.06280032738311547
2015-07-21,32.61978912,32.68055299780138,-0.06076387780137793
2015-07-22,32.39012146,32.60594595937244,-0.21582449937243808
2015-07-23,32.34261322,32.39586851622811,-0.05325529622811587
2015-07-24,32.02584076,32.33383186327811,-0.3079911032781055
2015-07-27,32.10503387,32.08791616525333,0.017117704746667073
2015-07-28,32.11295319,32.11633206049613,-0.0033788704961281724
2015-07-29,32.14462662,32.15803131419057,-0.01340469419057655
2015-07-30,32.12086868,32.13919028722318,-0.01832160722317866
2015-07-31,32.5326767,32.22496241141829,0.3077142885817139
2015-08-03,32.89696884,32.585402531385476,0.3115663086145233
2015-08-04,33.14245605,32.900164898496655,0.2422911515033448
2015-08-05,33.35629272,33.148494560409375,0.20779815959062375
2015-08-06,33.19788742,33.32624270581409,-0.12835528581408795
2015-08-07,33.07911301,33.18196979295547,-0.1028567829554703
2015-08-10,33.00783157,33.042955223414765,-0.03512365341476453
2015-08-11,32.84944534,32.97025238524282,-0.12080704524282027
2015-08-12,32.67522049,32.815718514921876,-0.14049802492187524
2015-08-13,32.54851151,32.70022325212051,-0.15171174212051142
2015-08-14,32.66730881,32.63258023933826,0.03472857066174129
2015-08-17,32.74647903,32.71626429847176,0.030214731528239724
2015-08-18,32.70689392,32.755837783497185,-0.04894386349718616
2015-08-19,32.29509735,32.64598160091826,-0.3508842509182628
2015-08-20,32.11295319,32.32039196848913,-0.20743877848913428
2015-08-21,31.30517387,31.98797974439919,-0.6828058743991896
2015-08-24,30.39444542,31.20710272924261,-0.8126573092426099
2015-08-25,30.08559227,30.331376432670375,-0.2457841626703754
2015-08-26,30.67162132,30.21454782675807,0.4570734932419285
2015-08-27,31.09927559,30.69900372728239,0.40027186271761295
2015-08-28,31.24181938,31.126303591172192,0.11551578882780689
2015-08-31,31.13887405,31.308182248194488,-0.16930819819448928
2015-09-01,30.68747139,31.16470244789637,-0.4772310578963719
2015-09-02,30.80626106,30.69133710580227,0.1149239541977316
2015-09-03,31.01215744,30.71570460351848,0.2964528364815209
2015-09-04,30.5053196,30.800010120736182,-0.2946905207361823
2015-09-08,30.80626106,30.53874692935291,0.26751413064708984
2015-09-09,30.33109665,30.784428134370696,-0.4533314843706968
2015-09-10,30.42612457,30.414848198115582,0.011276371884417102
2015-09-11,30.45807266,30.40721610498486,0.05085655501513742
2015-09-14,30.43411064,30.46586408739541,-0.03175344739540975
2015-09-15,30.75363159,30.441365124392387,0.31226646560761395
2015-09-16,31.27285004,30.868689547954403,0.4041604920455981
2015-09-17,31.45657349,31.276467768580215,0.18010572141978543
2015-09-18,31.13705826,31.369251351175553,-0.23219309117555298
2015-09-21,31.30479813,31.21065341905886,0.09414471094113708
2015-09-22,30.9852829,31.240665225388383,-0.255382325388382
2015-09-23,30.96132088,30.953460861214776,0.007860018785223133
2015-09-24,31.27285004,30.985057553620162,0.2877924863798391
2015-09-25,31.64829826,31.337819922133935,0.3104783378660656
2015-09-28,31.57638931,31.629732477929203,-0.053343167929202906
2015-09-29,31.68023682,31.662737467777042,0.017499352222959175
2015-09-30,32.04767609,31.781872819066017,0.26580327093398637
2015-10-01,31.7920742,31.961202218277165,-0.16912801827716706
2015-10-02,32.26335907,31.86223319299274,0.4011258770072601
2015-10-05,32.75860596,32.31612525291241,0.44248070708759
2015-10-06,32.71867371,32.73275688463322,-0.014083174633221063
2015-10-07,33.16598892,32.78218450072368,0.38380441927631637
2015-10-08,33.53343582,33.281954123284486,0.25148169671551557
2015-10-09,33.56539154,33.51638702871618,0.049004511283818886
2015-10-12,33.54943085,33.530372728850374,0.019058121149626572
2015-10-13,33.26984406,33.53987033915954,-0.2700262791595449
2015-10-14,33.29380417,33.28414367678084,0.009660493219158184
2015-10-15,33.48550415,33.331874826992774,0.1536293230072232
2015-10-16,33.56539154,33.4917175869191,0.07367395308089897
2015-10-19,33.54143143,33.56389545039549,-0.022464020395489115
2015-10-20,33.78106689,33.66204318897938,0.1190237010206161
2015-10-21,33.70119476,33.82115928227605,-0.11996452227604948
2015-10-22,34.53992844,33.82976469990276,0.7101637400972365
2015-10-23,34.18046188,34.40753655863179,-0.2270746786317872
2015-10-26,34.02071381,34.150712450238416,-0.12999864023841923
2015-10-27,34.03668594,34.04209867486061,-0.005412734860613
2015-10-28,34.13254929,34.0994794882679,0.03306980173209695
2015-10-29,34.18046188,34.05386418677775,0.12659769322225145
2015-10-30,33.82899475,34.09966731340294,-0.27067256340293966
2015-11-02,33.74113464,33.87804405872199,-0.13690941872199147
2015-11-03,33.67722321,33.78496069613297,-0.10773748613296874
2015-11-04,33.52545929,33.68976723590516,-0.16430794590515774
2015-11-05,33.8130188,33.53865508501784,0.27436371498216516
2015-11-06,33.51746368,33.77292441515407,-0.25546073515407386
2015-11-09,33.18196869,33.501866975722656,-0.3198982857226582
2015-11-10,33.3657074,33.26498906592535,0.10071833407464936
2015-11-11,33.58137131,33.41453075205214,0.16684055794786445
2015-11-12,33.21392822,33.433901613786304,-0.21997339378630443
2015-11-13,33.05416107,33.193671955053645,-0.13951088505364595
2015-11-16,33.51746368,33.19081790595297,0.3266457740470301
2015-11-17,33.28581619,33.45332524455037,-0.16750905455037213
2015-11-18,33.7730751,33.329403233459715,0.443671866540285
2015-11-19,34.43608475,33.840020363202605,0.5960643867973943
2015-11-20,33.89291,34.295073598301464,-0.4021635983014633
2015-11-23,34.31625366,33.954838013344386,0.3614156466556153
2015-11-24,34.63577652,34.39332004468953,0.242456475310469
2015-11-25,34.63577652,34.56516036951998,0.07061615048002068
2015-11-27,34.73236847,34.54049156938235,0.1918769006176504
2015-11-30,34.30576706,34.69950372901302,-0.3937366690130162
2015-12-01,34.52309418,34.36356506453989,0.15952911546010995
2015-12-02,34.42650223,34.51652076973718,-0.09001853973717999
2015-12-03,34.17697144,34.39513083053118,-0.21815939053117717
2015-12-04,34.84505844,34.25778474596004,0.5872736940399648
2015-12-07,34.77262878,34.87817906539696,-0.10555028539695854
2015-12-08,34.61968613,34.7603028021059,-0.14061667210589945
2015-12-09,34.33797073,34.59658932568498,-0.2586185956849789
2015-12-10,34.41844177,34.428339797528245,-0.009898027528244313
2015-12-11,34.02404785,34.29187764007652,-0.26782979007651875
2015-12-14,34.16892624,34.0518110667688,0.11711517323119836
2015-12-15,34.66798782,34.23251388807798,0.43547393192201866
2015-12-16,35.28777695,34.770522312689984,0.5172546373100175
2015-12-17,35.00604248,35.22434662379207,-0.21830414379207497
2015-12-18,34.20917511,34.911799476196045,-0.7026243661960478
2015-12-21,34.43455124,34.31946639978728,0.1150848402127167
2015-12-22,34.84505844,34.47691190877909,0.36814653122091556
2015-12-23,35.15094376,34.75887796948326,0.39206579051673884
2015-12-24,35.04629517,35.04582938382687,0.00046578617313031145
2015-12-28,35.00604248,35.1547967955441,-0.14875431554410312
2015-12-29,35.18312454,35.13452668290396,0.04859785709604125
2015-12-30,35.07043839,35.16254597617087,-0.09210758617086867
2015-12-31,34.57942963,34.905134091306095,-0.32570446130609554
2016-01-04,34.12867737,34.50672048807567,-0.3780431180756736
2016-01-05,34.24942017,34.23400184993197,0.015418320068029345
2016-01-06,34.06428528,34.24769517056518,-0.18340989056517998
2016-01-07,33.50083542,33.990164434530236,-0.4893290145302345
2016-01-08,33.41230011,33.54205323135635,-0.12975312135635164
2016-01-11,33.46864319,33.50884658515986,-0.040203395159856825
2016-01-12,33.90330505,33.52230019181243,0.38100485818757335
2016-01-13,33.68596649,33.79629839985316,-0.11033190985315855
2016-01-14,33.71011734,33.69324552938902,0.01687181061097931
2016-01-15,33.40424728,33.71268661507732,-0.3084393350773169
2016-01-19,33.74230957,33.493738490825734,0.24857107917426902
2016-01-20,33.30765915,33.585142123781104,-0.27748297378110465
2016-01-21,33.31570435,33.27631829527523,0.03938605472476553
2016-01-22,33.85500336,33.39130125947624,0.46370210052375427
2016-01-25,33.93550873,33.87278819263664,0.06272053736336147
2016-01-26,33.87110138,33.88325624250019,-0.012154862500189267
2016-01-27,33.87914658,33.88023810232178,-0.0010915223217864423
2016-01-28,34.26551437,33.9744562219308,0.2910581480691974
2016-01-29,34.5472374,34.221820414373404,0.32541698562659604
2016-02-01,34.61163712,34.51814095879064,0.09349616120935877
2016-02-02,34.16087341,34.510657900516335,-0.34978449051633476
2016-02-03,34.38624954,34.25035048207424,0.13589905792576218
2016-02-04,34.23331833,34.386201286036275,-0.15288295603627233
2016-02-05,34.16087341,34.168518880925205,-0.007645470925204734
2016-02-08,34.32991028,34.16729580260967,0.16261447739032775
2016-02-09,34.85311127,34.480844201816716,0.3722670681832838
2016-02-10,34.24942017,34.73711536526736,-0.4876951952673565
2016-02-11,34.13672256,34.30885232717367,-0.17212976717366502
2016-02-12,34.70017624,34.2725956801146,0.4275805598853992
2016-02-16,34.90140915,34.68969671253527,0.21171243746472612
2016-02-17,35.00604248,34.82569399272937,0.1803484872706278
2016-02-18,35.10263824,35.027013800120486,0.07562443987951184
2016-02-19,35.23142242,35.18626220639917,0.045160213600830446
2016-02-22,35.36826324,35.24772547573003,0.12053776426996876
2016-02-23,35.16703033,35.31750565040401,-0.15047532040400569
2016-02-24,35.34410095,35.15803883548581,0.1860621145141863
2016-02-25,35.54533768,35.37681370313334,0.1685239768666662
2016-02-26,34.72431564,35.418329614632015,-0.6940139746320142
2016-02-29,34.71627808,34.76093205218014,-0.04465397218013578
2016-03-01,35.16703033,34.84617430395502,0.32085602604498575
2016-03-02,35.23142242,35.17258271958714,0.05883970041286091
2016-03-03,35.38435745,35.20565658841365,0.1787008615863499
2016-03-04,35.50509262,35.47519471327197,0.029897906728031387
2016-03-07,35.42460632,35.548791106344886,-0.12418478634488395
2016-03-08,35.67412186,35.46682074155324,0.20730111844675747
2016-03-09,36.0685463,35.701159210852914,0.36738708914708695
2016-03-10,36.40660858,36.02550809721436,0.3811004827856337
2016-03-11,36.66619492,36.407981096155154,0.2582138238448479
2016-03-14,36.73920059,36.706830362737676,0.03237022726232652
2016-03-15,36.6986351,36.742647072931774,-0.044011972931777166
2016-03-16,36.54450989,36.66798881780172,-0.12347892780172032
2016-03-17,37.12857056,36.61799721551591,0.5105733444840865
2016-03-18,36.99066925,37.03282667461276,-0.0421574246127534
2016-03-21,37.04745102,37.00249232058306,0.044958699416937975
2016-03-22,36.90955734,37.06127016714786,-0.15171282714786116
2016-03-23,36.87709808,36.98925181606467,-0.11215373606466983
2016-03-24,36.97444916,36.872755250719905,0.10169390928009392
2016-03-28,37.15291977,36.99156317557956,0.1613565944204396
2016-03-29,37.70452881,37.20701307076711,0.49751573923288817
2016-03-30,37.78564072,37.68942288878245,0.09621783121755101
2016-03-31,37.63151932,37.789104346913334,-0.1575850269133312
2016-04-01,37.98843765,37.714102392488726,0.2743352575112752
2016-04-04,38.03712463,37.99158982859589,0.04553480140410926
2016-04-05,37.74508667,37.92917009454618,-0.18408342454618065
2016-04-06,37.89109802,37.75209649433827,0.13900152566173318
2016-04-07,37.60718155,37.88747821704145,-0.28029666704144773
2016-04-08,38.0208931,37.69028138995141,0.33061171004859347
2016-04-11,37.67208481,37.949617870384664,-0.27753306038466263
2016-04-12,37.84243774,37.740579024477576,0.10185871552242531
2016-04-13,37.34760666,37.74381402833243,-0.3962073683324334
2016-04-14,37.17725372,37.40729668096471,-0.23004296096470966
2016-04-15,37.39627838,37.19550229723617,0.20077608276383074
2016-04-18,37.4936142,37.40330091362429,0.09031328637571079
2016-04-19,37.80186844,37.49894518608384,0.3029232539161626
2016-04-20,35.99289703,37.540336474343974,-1.547439444343972
2016-04-21,35.4169426,36.05801141323254,-0.6410688132325433
2016-04-22,36.1308136,35.596459260148734,0.5343543398512693
2016-04-25,36.26871109,36.09646485176374,0.17224623823625507
2016-04-26,36.12268448,36.035945156142155,0.08673932385784155
2016-04-27,36.24436188,36.24787372164095,-0.0035118416409503084
2016-04-28,36.20380402,36.41648836595753,-0.21268434595752694
2016-04-29,36.34171677,36.227207947105036,0.11450882289496178
2016-05-02,36.4877243,36.28777130422155,0.19995299577845316
2016-05-03,36.37416077,36.32923286817914,0.044927901820862814
2016-05-04,36.4877243,36.367506216629906,0.12021808337009787
2016-05-05,36.55261612,36.54105994784548,0.011556172154520539
2016-05-06,36.76353073,36.57274689901591,0.19078383098408835
2016-05-09,36.6986351,36.70310184207485,-0.004466742074853869
2016-05-10,37.11235046,36.76703793471808,0.34531252528191914
2016-05-11,36.87709808,37.04614084575212,-0.16904276575211696
2016-05-12,37.17725372,36.937239901166045,0.24001381883395823
2016-05-13,36.78787231,37.085503234843955,-0.2976309248439577
2016-05-16,37.00689316,36.85622829481224,0.1506648651877569
2016-05-17,36.30115509,36.854026017334256,-0.5528709273342542
2016-05-18,36.08213043,36.333783193860675,-0.25165276386067603
2016-05-19,35.95233917,36.08346383685503,-0.13112466685502966
2016-05-20,35.65218353,35.94176144144082,-0.2895779114408157
2016-05-23,35.66841507,35.65989435063286,0.008520719367140828
2016-05-24,35.99289703,35.76714866641406,0.22574836358594297
2016-05-25,36.00100708,36.02341402373502,-0.022406943735020945
2016-05-26,36.25247955,36.03148676373357,0.2209927862664287
2016-05-27,36.32549286,36.28747113009768,0.03802172990231867
2016-05-31,36.17947006,36.25975299441186,-0.08028293441186207
2016-06-01,36.26060104,36.172323554019236,0.08827748598076113
2016-06-02,36.27681351,36.25245500247898,0.02435850752101487
2016-06-03,36.53639221,36.279256719877786,0.2571354901222165
2016-06-06,36.80410004,36.553303584746274,0.2507964552537274
2016-06-07,36.76353073,36.81230266882578,-0.048771938825780126
2016-06-08,36.95009995,36.809855877354074,0.14024407264592753
2016-06-09,37.12046432,37.01172836112014,0.10873595887986198
2016-06-10,37.30705261,37.13597013843658,0.17108247156341605
2016-06-13,36.88197327,37.188658020517636,-0.30668475051763266
2016-06-14,36.81658173,36.911316256098395,-0.09473452609839228
2016-06-15,36.79205704,36.831798183154476,-0.039741143154472525
2016-06-16,37.03729248,36.84993672351144,0.1873557564885573
2016-06-17,36.61223221,36.92591658377087,-0.3136843737708688
2016-06-20,36.76753235,36.679303538857255,0.0882288111427485
2016-06-21,36.89015961,36.83172845711359,0.05843115288640632
2016-06-22,36.66944885,36.87378939366846,-0.204340543668458
2016-06-23,36.84928513,36.67352127332526,0.1757638566747417
2016-06-24,35.90925217,36.72634901731123,-0.8170968473112268
2016-06-27,35.78662491,35.96120601920061,-0.17458110920060932
2016-06-28,36.1136055,35.84902481897618,0.2645806810238156
2016-06-29,36.32612991,36.13997459550931,0.18615531449069067
2016-06-30,37.05364227,36.34528610998225,0.7083561600177504
2016-07-01,36.88197327,37.06549385095004,-0.18352058095003798
2016-07-05,37.13537979,36.99277375349121,0.1426060365087949
2016-07-06,37.00459671,37.099254721044716,-0.09465801104471439
2016-07-07,36.85745239,36.9655473006713,-0.10809491067129784
2016-07-08,37.09450912,36.7596104996633,0.3348986203366948
2016-07-11,37.24981689,37.0971551302252,0.15266175977480145
2016-07-12,37.25798798,37.22881263032309,0.02917534967691182
2016-07-13,37.3887825,37.30572349768769,0.08305900231231078
2016-07-14,37.34790039,37.44800437808177,-0.10010398808177001
2016-07-15,37.29887009,37.3260719664818,-0.02720187648179717
2016-07-18,37.29887009,37.29759073353508,0.0012793564649200562
2016-07-19,37.29887009,37.29484942484803,0.004020665151969638
2016-07-20,37.20077133,37.262121529293665,-0.061350199293663366
2016-07-21,37.15172195,37.22386964139808,-0.07214769139807942
2016-07-22,37.46234894,37.22531044818402,0.23703849181598002
2016-07-25,37.24981689,37.418849745988155,-0.16903285598815643
2016-07-26,36.68579865,37.1632703384606,-0.4774716884605965
2016-07-27,35.476017,36.5641069277495,-1.0880899277495004
2016-07-28,35.68037033,35.630654183579594,0.049716146420408336
2016-07-29,35.66402054,35.65656851421723,0.007452025782775706
2016-08-01,35.51689148,35.59982389407691,-0.08293241407691454
2016-08-02,35.58228683,35.54083955454525,0.041447275454750354
2016-08-03,35.67219925,35.74596501301119,-0.07376576301118831
2016-08-04,35.56592178,35.71304055644409,-0.14711877644409554
2016-08-05,35.54141235,35.53529671445911,0.006115635540894004
2016-08-08,35.50870514,35.492714130533436,0.015991009466560513
2016-08-09,35.53323746,35.4467114872771,0.08652597272290308
2016-08-10,35.64766693,35.53959038748312,0.10807654251687637
2016-08-11,35.76211929,35.64866620060558,0.11345308939441878
2016-08-12,35.99098587,35.77775180622482,0.2132340637751824
2016-08-15,36.16265106,36.010488797258155,0.15216226274184663
2016-08-16,35.82751465,36.09448511245989,-0.266970462459895
2016-08-17,36.01551819,35.857552660449365,0.15796552955063703
2016-08-18,36.04821014,36.01451219865679,0.033697941343213245
2016-08-19,35.90107727,35.994187418122266,-0.09311014812226404
2016-08-22,35.7539444,35.84785011730937,-0.0939057173093687
2016-08-23,35.843853,35.817180528325395,0.02667247167460829
2016-08-24,35.843853,35.85622790563811,-0.012374905638104394
2016-08-25,35.69672394,35.821834190694226,-0.12511025069422743
2016-08-26,35.41062546,35.66091305062241,-0.25028759062241335
2016-08-29,35.59046173,35.47584715674224,0.11461457325776081
2016-08-30,35.3452301,35.56324641326376,-0.21801631326376025
2016-08-31,35.50053787,35.36469942652119,0.1358384434788107
2016-09-01,35.43515015,35.494640853897835,-0.05949070389783628
2016-09-02,35.68854904,35.513608209773686,0.17494083022631202
2016-09-06,35.79481888,35.69524632840128,0.09957255159871892
2016-09-07,35.67219925,35.79407324063966,-0.12187399063966353
2016-09-08,35.66402054,35.66537644142354,-0.0013559014235369204
2016-09-09,34.55233765,35.485665377183125,-0.9333277271831264
2016-09-12,35.30434799,34.74468305349218,0.559664936507815
2016-09-13,34.84286499,35.17753735107929,-0.334672361079285
2016-09-14,34.70276642,34.83380490200563,-0.1310384820056285
2016-09-15,34.90879822,34.73259786112509,0.17620035887490815
2016-09-16,34.72748566,35.029012027516096,-0.3015263675160966
2016-09-19,34.69452667,34.703846832378055,-0.009320162378052999
2016-09-20,34.89230347,34.735747153138654,0.15655631686134797
2016-09-21,35.04888916,34.91590587858061,0.13298328141939209
2016-09-22,35.40324402,35.025675817488185,0.3775682025118172
2016-09-23,35.22195053,35.395241167778735,-0.17329063777873444
2016-09-26,34.65332794,35.111120552114016,-0.45779261211401945
2016-09-27,35.09833527,34.759175904576466,0.33915936542353364
2016-09-28,34.73573303,35.01685063120663,-0.2811176012066312
2016-09-29,34.63684082,34.66732385461255,-0.030483034612544202
2016-09-30,34.87582779,34.66353777305682,0.21229001694318583
2016-10-03,34.63684082,34.91560756313374,-0.27876674313373684
2016-10-04,34.48025513,34.601313451073025,-0.12105832107302206
2016-10-05,34.45553589,34.52702302156955,-0.07148713156954756
2016-10-06,34.37312698,34.46391872618572,-0.09079174618571528
2016-10-07,34.38960266,34.33475263519824,0.054850024801758934
2016-10-10,34.38960266,34.407999348339544,-0.018396688339542777
2016-10-11,34.23303223,34.365334923392275,-0.13230269339227618
2016-10-12,34.43081665,34.287950427997885,0.1428662220021124
2016-10-13,34.41433334,34.44853552589283,-0.03420218589283053
2016-10-14,34.34015656,34.38202082806514,-0.04186426806514021
2016-10-17,34.28248596,34.32175519607189,-0.03926923607188826
2016-10-18,34.5873909,34.35712938072577,0.23026151927422944
2016-10-19,34.65332794,34.57139150657382,0.08193643342617918
2016-10-20,34.55443192,34.62466645232518,-0.07023453232518051
2016-10-21,34.71925354,34.595721729437315,0.1235318105626817
2016-10-24,35.0736084,34.7877092449372,0.2858991550628005
2016-10-25,35.05714035,35.034704564780085,0.022435785219911963
2016-10-26,34.97471237,34.99125334648619,-0.016540976486190573
2016-10-27,34.71100616,34.93488767631606,-0.22388151631606235
2016-10-28,34.80165482,34.75536993103754,0.04628488896246097
2016-10-31,34.94176102,34.818522200426315,0.12323881957368599
2016-11-01,34.71100616,34.87647772149095,-0.16547156149095343
2016-11-02,34.65332794,34.71407122546995,-0.06074328546995389
2016-11-03,34.63684082,34.71712231597255,-0.08028149597254952
2016-11-04,34.35664368,34.640873125461006,-0.28422944546100837
2016-11-07,34.99120331,34.45344892991611,0.5377543800838964
2016-11-08,35.33732986,35.027440078671525,0.3098897813284722
2016-11-09,34.83462906,35.26153995549235,-0.4269108954923553
2016-11-10,33.73857117,34.69021260078922,-0.9516414307892234
2016-11-11,33.8127327,33.90625015022783,-0.09351745022782865
2016-11-14,33.92812347,33.81274172608148,0.11538174391852607
2016-11-15,34.15062714,33.86729912748782,0.2833280125121789
2016-11-16,34.00228119,34.072274161449236,-0.06999297144923844
2016-11-17,33.88690186,34.10798893116071,-0.22108707116071002
2016-11-18,33.71385574,33.98446591931233,-0.2706101793123281
2016-11-21,34.08469391,33.81300497024679,0.2716889397532114
2016-11-22,34.09293747,33.97114236638099,0.12179510361901436
2016-11-23,33.88690186,33.9807451935466,-0.09384333354660157
2016-11-25,34.22478867,33.96475562090417,0.26003304909583136
2016-11-28,34.40608597,34.28783461441598,0.11825135558402167
2016-11-29,34.1983223,34.328536959498685,-0.13021465949868372
2016-11-30,33.53347397,34.05198936200682,-0.5185153920068188
2016-12-01,33.38388443,33.5790644297381,-0.19517999973809452
2016-12-02,33.54177856,33.425322386476594,0.1164561735234031
2016-12-05,33.75786209,33.55447525796493,0.20338683203507202
2016-12-06,33.71630859,33.69853970893204,0.017768881067958375
2016-12-07,34.31466675,33.877348397661855,0.43731835233814564
2016-12-08,34.05705261,34.32956667328095,-0.2725140632809513
2016-12-09,34.90473557,34.19974632446414,0.7049892455358631
2016-12-12,34.82162476,34.79898561595345,0.02263914404655054
2016-12-13,34.70528412,34.767517667537895,-0.06223354753789323
2016-12-14,34.24819183,34.56727982589175,-0.3190879958917492
2016-12-15,34.53075409,34.38600838231315,0.1447457076868517
2016-12-16,34.68865585,34.49598149058546,0.19267435941454636
2016-12-19,34.63047409,34.643067268803335,-0.012593178803335547
2016-12-20,34.62216949,34.651404781707654,-0.02923529170765704
2016-12-21,34.54737091,34.69084603025245,-0.1434751202524538
2016-12-22,34.53075409,34.61423814542539,-0.08348405542538728
2016-12-23,34.5723114,34.516566358722294,0.05574504127770297
2016-12-27,34.58060837,34.557183123644315,0.02342524635568566
2016-12-28,34.39778137,34.53664556760593,-0.13886419760593327
2016-12-29,34.5723114,34.477018723227836,0.09529267677216069
2016-12-30,34.45595169,34.56138697677501,-0.10543528677501257
2017-01-03,34.73851013,34.50686830088333,0.23164182911666842
2017-01-04,34.6138649,34.69534473291324,-0.08147983291323868
2017-01-05,34.69695663,34.653737140980766,0.043219489019236335
2017-01-06,34.68865585,34.69467675126401,-0.006020901264008671
2017-01-09,34.33960724,34.671737580586566,-0.3321303405865663
2017-01-10,34.10691071,34.28878925269234,-0.18187854269233839
2017-01-11,34.1152153,34.14325669330448,-0.02804139330447697
2017-01-12,34.03210449,34.11310536789236,-0.08100087789235744
2017-01-13,33.97393799,34.00730955869271,-0.033371568692707854
2017-01-17,34.25650024,34.06425413146412,0.1922461085358833
2017-01-18,34.31466675,34.28249260967978,0.03217414032022248
2017-01-19,34.1900177,34.303774233331076,-0.11375653333107749
2017-01-20,34.33960724,34.21615603171824,0.12345120828175737
2017-01-23,34.43101501,34.34395104817177,0.08706396182823539
2017-01-24,34.82162476,34.448748172712655,0.37287658728734385
2017-01-25,35.00446701,34.79711116310353,0.20735584689646913
2017-01-26,34.74681854,34.94523280271979,-0.1984142627197869
2017-01-27,34.44764328,34.701218823844336,-0.25357554384433456
2017-01-30,34.38947678,34.49443082239284,-0.10495404239284056
2017-01-31,34.54737091,34.39335038029439,0.15402052970560476
2017-02-01,34.28974533,34.44447585231961,-0.1547305223196105
2017-02-02,34.40609741,34.32759527646667,0.07850213353333402
2017-02-03,34.52244186,34.47388224907906,0.04855961092093963
2017-02-06,34.5390625,34.57704334363923,-0.037980843639232376
2017-02-07,34.82162476,34.57120692229436,0.2504178377056405
2017-02-08,34.92135239,34.82391233469279,0.09744005530721012
2017-02-09,34.28144073,34.77537875757767,-0.4939380275776699
2017-02-10,33.72460938,34.22349882441297,-0.4988894444129741
2017-02-13,33.75786209,33.78831246294311,-0.030450372943107595
2017-02-14,33.68306732,33.728773888436805,-0.045706568436806094
2017-02-15,33.60826111,33.63415420989604,-0.025893099896038052
2017-02-16,34.23987579,33.751147680572906,0.4887281094270932
2017-02-17,34.26480103,34.3003380990583,-0.03553706905830012
2017-02-21,34.45595169,34.33192779333325,0.12402389666674907
2017-02-22,34.5723114,34.469517532559955,0.10279386744004171
2017-02-23,34.62216949,34.55235223947434,0.06981725052565935
2017-02-24,34.72189713,34.55091999741146,0.17097713258853986
2017-02-27,34.63047409,34.678091302477156,-0.047617212477156556
2017-02-28,34.87149048,34.64707899295331,0.22441148704668734
2017-03-01,35.0377121,34.88388699474014,0.15382510525986248
2017-03-02,35.29532623,35.10407636685124,0.19124986314876224
2017-03-03,35.3036499,35.275925670534406,0.027724229465597716
2017-03-06,35.05430984,35.29559539992139,-0.241285559921387
2017-03-07,34.89641953,35.060112523764516,-0.16369299376451352
2017-03-08,34.89641953,34.91305574868859,-0.01663621868858911
2017-03-09,34.92966461,34.87982200396988,0.04984260603012558
2017-03-10,35.14573288,34.9365858669526,0.20914701304739935
2017-03-13,35.23796844,35.18503110645425,0.05293733354575636
2017-03-14,35.18766022,35.27131114911326,-0.08365092911326144
2017-03-15,35.31342697,35.24579821308518,0.06762875691482151
2017-03-16,35.42240143,35.34014837862683,0.08225305137317207
2017-03-17,35.23796844,35.34673564598051,-0.10876720598050582
2017-03-20,35.36371994,35.24291052751487,0.12080941248513
2017-03-21,35.63201141,35.4093465970352,0.22266481296479412
2017-03-22,35.5314064,35.59716482424859,-0.06575842424858536
2017-03-23,35.35533524,35.50615829354454,-0.15082305354453496
2017-03-24,35.31342697,35.38657676475881,-0.07314979475880534
2017-03-27,35.4811058,35.36360000688211,0.11750579311789267
2017-03-28,35.57332611,35.47051834777745,0.10280776222255383
2017-03-29,35.56494141,35.54920231945651,0.015739090543490875
2017-03-30,35.71585083,35.600891896561116,0.11495893343888497
2017-03-31,35.581707,35.72426394082807,-0.14255694082806514
2017-04-03,35.55654907,35.58982395164961,-0.03327488164961068
2017-04-04,35.78292465,35.57691864186636,0.20600600813364167
2017-04-05,35.69069672,35.747397495888805,-0.05670077588880673
2017-04-06,35.77453232,35.68916706192583,0.0853652580741695
2017-04-07,35.72423553,35.78755476260427,-0.06331923260427175
2017-04-10,35.79130173,35.75818437041405,0.03311735958595108
2017-04-11,35.76615524,35.77150205056694,-0.005346810566933868
2017-04-12,36.00091553,35.81807205668183,0.1828434733181723
2017-04-13,35.87514496,35.955534874031535,-0.08038991403153517
2017-04-17,36.1098938,35.92747068950492,0.18242311049507975
2017-04-18,36.4536438,36.16335020872817,0.2902935912718334
2017-04-19,36.24403763,36.383924789438865,-0.13988715943886376
2017-04-20,36.12666702,36.212765340766126,-0.08609832076612634
2017-04-21,36.1098938,36.15634652940399,-0.04645272940398826
2017-04-24,36.28595734,36.13830857057343,0.14764876942657423
2017-04-25,36.14344788,36.22015244911384,-0.07670456911384349
2017-04-26,36.25243759,36.1726005707283,0.07983701927170017
2017-04-27,36.05959702,36.236221031001726,-0.17662401100172787
2017-04-28,36.17697144,36.1318531808836,0.045118259116399884
2017-05-01,36.23566437,36.187447123447285,0.048217246552717086
2017-05-02,36.37818527,36.25126963233776,0.12691563766224334
2017-05-03,36.31949615,36.345961777412384,-0.026465627412385118
2017-05-04,36.60456085,36.39086608071723,0.21369476928276754
2017-05-05,36.62970734,36.602550001046055,0.02715733895394834
2017-05-08,36.7973938,36.64720917449814,0.15018462550186484
2017-05-09,36.47880554,36.72148280966217,-0.24267726966216685
2017-05-10,36.5290947,36.51199638647826,0.017098313521742625
2017-05-11,36.61293793,36.54509813754785,0.06783979245214766
2017-05-12,36.54586792,36.59761114831153,-0.051743228311529776
2017-05-15,36.66324997,36.55015269973795,0.11309727026205252
2017-05-16,36.76385498,36.69719093984342,0.06666404015657434
2017-05-17,36.83092117,36.79760447479218,0.03331669520782299
2017-05-18,36.72192764,36.80959126479141,-0.08766362479141065
2017-05-19,36.8057785,36.75344616504864,0.052332334951358916
2017-05-22,37.04051971,36.82340777722667,0.21711193277332796
2017-05-23,37.21658707,37.04425048221024,0.1723365877897649
2017-05-24,37.7531662,37.26881188157548,0.48435431842452203
2017-05-25,38.07175827,37.77666737397304,0.2950908960269558
2017-05-26,38.05499268,38.059798816184866,-0.004806136184868137
2017-05-30,38.08851624,38.061933228815356,0.026583011184641236
2017-05-31,38.12205505,38.09668678047848,0.025368269521521825
2017-06-01,38.39034653,38.122586680607405,0.267759849392597
2017-06-02,38.47418976,38.34812388000953,0.12606587999047036
2017-06-05,38.55802917,38.48888409332392,0.0691450766760795
2017-06-06,38.54964828,38.585628790985616,-0.03598051098561683
2017-06-07,38.15559387,38.56317032158285,-0.40757645158285527
2017-06-08,37.83700943,38.13729951125363,-0.3002900812536282
2017-06-09,37.99630356,37.88995597237523,0.10634758762476793
2017-06-12,38.00468445,37.988573322606165,0.01611112739383458
2017-06-13,38.06385803,37.99834673932577,0.06551129067423034
2017-06-14,38.29209137,38.13655994881647,0.15553142118353236
2017-06-15,38.24982452,38.34263618408143,-0.09281166408143093
2017-06-16,38.30054092,38.26673337471249,0.03380754528751595
2017-06-19,38.35970688,38.30232895139901,0.05737792860098523
2017-06-20,38.55413437,38.356564211643565,0.19757015835643443
2017-06-21,38.2244606,38.44666862815103,-0.22220802815103013
2017-06-22,38.09767151,38.22832759988734,-0.13065608988734567
2017-06-23,38.24982452,38.141432473457556,0.10839204654244128
2017-06-26,38.40197372,38.2741763320137,0.12779738798629836
2017-06-27,38.08074951,38.312334334611364,-0.23158482461136742
2017-06-28,38.30899429,38.13790856794976,0.1710857220502433
2017-06-29,37.89479446,38.27626070531855,-0.3814662453185491
2017-06-30,37.9117012,37.922162736138965,-0.010461536138961947
2017-07-03,37.83562469,37.87056392362955,-0.034939233629543764
2017-07-05,37.88634491,37.84926835500982,0.037076554990179034
2017-07-06,37.53131866,37.79653856853253,-0.2652199085325364
2017-07-07,37.52286148,37.58990442655552,-0.06704294655551735
2017-07-10,37.51441193,37.541738171392765,-0.02732624139276396
2017-07-11,37.47215271,37.504015536893824,-0.03186282689382125
2017-07-12,37.62429428,37.47364566189922,0.15064861810078156
2017-07-13,37.55667877,37.60843621937493,-0.05175744937493221
2017-07-14,37.76799393,37.6017295521371,0.16626437786290182
2017-07-17,37.81026459,37.764661466467295,0.04560312353270746
2017-07-18,37.75954819,37.79467210656722,-0.03512391656722258
2017-07-19,37.89479446,37.748585448930896,0.14620901106910367
2017-07-20,37.88634491,37.890894254456285,-0.004549344456286519
2017-07-21,38.06385803,37.8945482468044,0.16930978319560097
2017-07-24,37.90324783,38.012623792026815,-0.10937596202681732
2017-07-25,38.24137115,37.96856109629497,0.27281005370502953
2017-07-26,38.66402435,38.30235571989011,0.3616686301098895
2017-07-27,38.98522949,38.68925409169932,0.2959753983006834
2017-07-28,38.89225006,38.92535745743655,-0.03310739743654523
2017-07-31,38.74855423,38.895409875451975,-0.14685564545197138
2017-08-01,38.63019562,38.75335258803624,-0.12315696803624121
2017-08-02,38.53722763,38.60516417155074,-0.06793654155074336
2017-08-03,38.60484695,38.513598359916735,0.0912485900832678
2017-08-04,38.46114349,38.56986589536506,-0.10872240536506439
2017-08-07,38.57948303,38.53763433088233,0.041848699117672084
2017-08-08,38.54567337,38.63206577552449,-0.08639240552448513
2017-08-09,38.53722763,38.59076805117911,-0.05354042117911462
2017-08-10,38.66402435,38.55725639082744,0.10676795917255788
2017-08-11,38.53722763,38.645629751827855,-0.10840212182785791
2017-08-14,38.71473312,38.561674120040685,0.15305899995931327
2017-08-15,39.04439163,38.76251358806849,0.2818780419315132
2017-08-16,39.05286026,39.03692294316925,0.015937316830751058
2017-08-17,38.76544952,38.98594929826901,-0.22049977826901568
2017-08-18,38.60484695,38.7899800449551,-0.18513309495509844
2017-08-21,38.61330795,38.63385036134159,-0.020542411341587297
2017-08-22,38.54567337,38.575444080090506,-0.029770710090502917
2017-08-23,38.49495697,38.51653308447601,-0.021576114476012265
2017-08-24,38.3850708,38.49507899094759,-0.11000819094758896
2017-08-25,38.52032089,38.45822350837167,0.06209738162833389
2017-08-28,38.39352417,38.521291013957544,-0.127766843957545
2017-08-29,38.41888046,38.40117192006067,0.01770853993932775
2017-08-30,38.36816788,38.3986140316853,-0.03044615168529674
2017-08-31,38.50341034,38.39698950703117,0.10642083296882987
2017-09-01,38.69783783,38.51658312852468,0.18125470147531786
2017-09-05,38.81616211,38.705035630165476,0.11112647983452462
2017-09-06,38.84998703,38.80479591490211,0.045191115097892975
2017-09-07,39.1204834,38.89742695607698,0.2230564439230207
2017-09-08,39.13738251,39.11651523715284,0.02086727284716261
2017-09-11,39.32335663,39.13480677022654,0.18854985977345962
2017-09-12,39.49240875,39.325424723797084,0.1669840262029183
2017-09-13,39.6192131,39.50343752881686,0.11577557118314274
2017-09-14,39.28692245,39.54850389498924,-0.26158144498923974
2017-09-15,39.34656906,39.32136218529468,0.025206874705318683
2017-09-18,39.28692245,39.34651212666677,-0.059589676666767843
2017-09-19,39.17615509,39.26363192597859,-0.0874768359785918
2017-09-20,39.00575256,39.148518456582224,-0.14276589658222605
2017-09-21,38.68198395,39.00425104924295,-0.32226709924294994
2017-09-22,38.75866318,38.7452402458263,0.013422934173696888
2017-09-25,38.92906952,38.805990172856816,0.12307934714318236
2017-09-26,38.82682037,38.90471418984123,-0.07789381984122912
2017-09-27,38.0344429,38.68603073680384,-0.6515878368038415
2017-09-28,38.26448441,38.173436480879,0.09104792912100379
2017-09-29,38.34968948,38.30102075208889,0.04866872791111376
2017-10-02,38.17076492,38.27344198664213,-0.10267706664212994
2017-10-03,38.50305557,38.181060524383234,0.3219950456167666
2017-10-04,38.7671814,38.599351805605046,0.16782959439495215
2017-10-05,38.78421783,38.78063847321665,0.003579356783355081
2017-10-06,38.75866318,38.77639818426493,-0.017735004264928023
2017-10-09,38.69049835,38.75053036300496,-0.06003201300496386
2017-10-10,39.08243179,38.70067241249509,0.3817593775049133
2017-10-11,39.27840424,39.07189529188325,0.20650894811674902
2017-10-12,39.28692245,39.244408319331704,0.04251413066829457
2017-10-13,39.34656906,39.284529913482466,0.062039146517534505
2017-10-16,39.72145081,39.456681592665035,0.2647692173349654
2017-10-17,39.63624191,39.68582681280929,-0.04958490280928629
2017-10-18,39.53401184,39.59028016610046,-0.05626832610046506
2017-10-19,39.6958847,39.56053332707573,0.13535137292426924
2017-10-20,39.51696014,39.67942939918107,-0.1624692591810657
2017-10-23,39.4658432,39.50934018574424,-0.0434969857442411
2017-10-24,39.34656906,39.46016309521905,-0.11359403521905165
2017-10-25,39.23579788,39.34809019030597,-0.11229231030596765
2017-10-26,39.38915634,39.26089628848021,0.12826005151978848
2017-10-27,39.25283813,39.39670042539353,-0.14386229539353224
2017-10-30,39.07391739,39.23622651068834,-0.16230912068834158
2017-10-31,39.17615509,39.11814125591342,0.05801383408658012
2017-11-01,39.022789,39.19646900548945,-0.1736800054894445
2017-11-02,39.09095001,39.024961149480006,0.06598886051999386
2017-11-03,39.16764069,39.102789198928456,0.06485149107154342
2017-11-06,38.7416153,39.114495211732795,-0.3728799117327952
2017-11-07,39.14207458,38.829905865402246,0.3121687145977532
2017-11-08,39.34656906,39.18674032101375,0.15982873898624916
2017-11-09,39.38915634,39.32449824369265,0.06465809630734753
2017-11-10,39.65329361,39.39427516687859,0.25901844312140554
2017-11-13,39.8066597,39.717580504334876,0.08907919566512135
2017-11-14,40.41159821,39.86908800944477,0.5425102005552276
2017-11-15,39.88333511,40.26963269478333,-0.3862975847833354
2017-11-16,39.66180801,39.852630823519036,-0.19082281351903418
2017-11-17,38.94610214,39.54928029057903,-0.6031781505790264
2017-11-20,38.73310471,38.994095289353346,-0.26099057935334713
2017-11-21,39.00575256,38.73216387197969,0.2735886880203111
2017-11-22,39.05686569,39.00572438721335,0.05114130278665385
2017-11-24,39.09095001,39.07667275057805,0.014277259421952238
2017-11-27,39.10799789,39.18843694343842,-0.08043905343841828
2017-11-28,39.04835129,39.18756666734123,-0.13921537734123035
2017-11-29,38.7671814,38.96599289534295,-0.19881149534295162
2017-11-30,39.31694412,38.82457335045439,0.49237076954560877
2017-12-01,39.48875809,39.257679910529944,0.23107817947005316
2017-12-04,39.71208954,39.481817722008365,0.23027181799163543
2017-12-05,39.73786545,39.71493607400317,0.022929375996831425
2017-12-06,39.90106964,39.81803363823321,0.08303600176679282
2017-12-07,39.32554245,39.78818071778679,-0.46263826778678663
2017-12-08,38.92180634,39.270550286720045,-0.3487439467200417
2017-12-11,38.93898392,38.92845975070196,0.010524169298037123
2017-12-12,38.90462494,38.93282030377298,-0.02819536377297993
2017-12-13,39.42862701,38.975299044380805,0.4533279656191951
2017-12-14,39.54029083,39.46227667196168,0.07801415803832157
2017-12-15,39.67772675,39.60996251473766,0.06776423526233799
2017-12-18,39.45438766,39.670467893184735,-0.21608023318473357
2017-12-19,39.626194,39.520761763968956,0.10543223603104224
2017-12-20,39.58324051,39.53285120714576,0.050389302854242146
2017-12-21,39.17091751,39.457629043636835,-0.2867115336368329
2017-12-22,39.16232681,39.166611361226586,-0.004284551226582778
2017-12-26,39.35131836,39.23307831387425,0.11824004612574868
2017-12-27,39.45438766,39.380318320480505,0.07406933951949668
2017-12-28,39.27399826,39.40761236838361,-0.1336141083836111
2017-12-29,39.41143799,39.34836480993441,0.0630731800655937
2018-01-02,39.11938095,39.388493562659406,-0.26911261265940567
2018-01-03,39.03347397,39.1309868552032,-0.09751288520319434
2018-01-04,39.58324051,39.093481732955425,0.48975877704457815
2018-01-05,39.57465363,39.54181081697268,0.03284281302732239
2018-01-08,39.51451492,39.547110110406294,-0.03259519040629044
2018-01-09,39.71208954,39.58898598905602,0.12310355094398062
2018-01-10,39.57465363,39.73158795565654,-0.1569343256565432
2018-01-11,39.54888153,39.52346414301081,0.02541738698919005
2018-01-12,39.64337921,39.53611460158037,0.10726460841962648
2018-01-16,39.96979523,39.67739928926163,0.2923959407383734
2018-01-17,40.2189064,39.973139393837855,0.24576700616214708
2018-01-18,40.27045822,40.243594638784,0.026863581215998522
2018-01-19,40.51096344,40.30971411719018,0.2012493228098151
2018-01-22,40.6999588,40.543157965078656,0.15680083492134145
2018-01-23,40.76008987,40.68786046157872,0.07222940842127912
2018-01-24,41.08651733,40.75827656705326,0.3282407629467414
2018-01-25,41.0951004,41.06912434824603,0.025976051753971774
2018-01-26,41.68782425,41.1746735402655,0.5131507097344965
2018-01-29,40.97483826,41.55638333907423,-0.5815450790742318
2018-01-30,40.72572327,40.980971535266306,-0.25524826526630306
2018-01-31,40.88035202,40.76952929082679,0.11082272917320779
2018-02-01,40.76008987,40.897353137854,-0.13726326785399579
2018-02-02,40.14159775,40.59963213148276,-0.4580343814827543
2018-02-05,38.56102371,39.96145988515758,-1.40043617515758
2018-02-06,38.37203217,38.76684347814321,-0.3948113081432112
2018-02-07,38.27754593,38.425825626115945,-0.14827969611594227
2018-02-08,37.02338791,38.054984231525594,-1.0315963215255977
2018-02-09,37.04915237,37.02459769343906,0.024554676560939015
2018-02-12,37.77073288,37.32582049964522,0.4449123803547792
2018-02-13,37.95970535,37.84135482951146,0.11835052048854067
2018-02-14,37.8823967,37.869421147813505,0.012975552186496486
2018-02-15,38.46652985,38.006081466951485,0.4604483830485151
2018-02-16,38.63832855,38.40417638936402,0.2341521606359791
2018-02-20,37.78790665,38.409887409180456,-0.6219807591804596
2018-02-21,37.22954559,37.634398918842244,-0.40485332884224334
2018-02-22,37.38417816,37.23458229384135,0.1495958661586485
2018-02-23,37.83086395,37.41352598483757,0.4173379651624316
2018-02-26,37.82226944,37.73235569769178,0.08991374230821947
2018-02-27,37.47007751,37.77605597964164,-0.3059784696416372
2018-02-28,37.12646866,37.523844451967086,-0.39737579196708595
2018-03-01,37.30685806,37.26952643101578,0.037331628984226484
2018-03-02,37.55597305,37.29471118512813,0.2612618648718694
2018-03-05,37.70200348,37.45188817150632,0.25011530849368313
2018-03-06,37.73637009,37.66567499680068,0.0706950931993191
2018-03-07,37.64187241,37.80519992432922,-0.1633275143292252
2018-03-08,38.18305588,37.77660546266173,0.40645041733827014
2018-03-09,38.50088882,38.172239591988706,0.3286492280112938
2018-03-12,38.25177002,38.36410131303298,-0.11233129303298028
2018-03-13,38.28613663,38.23633197634045,0.04980465365954956
2018-03-14,37.93948746,38.28182215084907,-0.3423346908490643
2018-03-15,37.84416962,37.94089955493055,-0.0967299349305506
2018-03-16,37.66218567,37.78318628540784,-0.12100061540783713
2018-03-19,37.4888649,37.65910093619384,-0.17023603619383465
2018-03-20,37.40221024,37.49720034463157,-0.0949901046315702
2018-03-21,37.26355362,37.468822768738,-0.2052691487379974
2018-03-22,37.05557632,37.28500622170351,-0.22942990170351152
2018-03-23,36.68293762,37.01675264882863,-0.33381502882863145
2018-03-26,36.99490738,36.774565057146056,0.22034232285394495
2018-03-27,37.16822052,37.00355018189349,0.16467033810651088
2018-03-28,37.54087448,37.20308919570514,0.3377852842948599
2018-03-29,37.63618469,37.518636098721444,0.1175485912785561
2018-04-02,36.97757721,37.56270658500394,-0.5851293750039375
2018-04-03,37.59286499,37.11082345674216,0.48204153325784205
2018-04-04,38.33812332,37.683620712645244,0.6545026073547575
2018-04-05,38.47678757,38.231323215264645,0.2454643547353541
2018-04-06,38.06082535,38.319901548875876,-0.2590761988758743
2018-04-09,37.98283005,38.180835959805535,-0.19800590980553778
2018-04-10,38.12147903,38.05411430096424,0.0673647290357664
2018-04-11,38.12147903,38.07126149214918,0.05021753785081984
2018-04-12,38.15614319,38.03896853627713,0.11717465372286995
2018-04-13,38.57211304,38.21180402649595,0.3603090135040503
2018-04-16,38.71943283,38.65618184884021,0.06325098115978989
2018-04-17,38.89274216,38.76918279943645,0.12355936056354722
2018-04-18,38.57211304,38.82832608876483,-0.25621304876483464
2018-04-19,38.39878845,38.56099368879404,-0.16220523879404425
2018-04-20,37.90483093,38.30877391646855,-0.4039429864685502
2018-04-23,38.11281967,37.96098324047758,0.15183642952241883
2018-04-24,37.32421494,37.93580998066056,-0.6115950406605606
2018-04-25,36.76959991,37.30774108693046,-0.5381411769304663
2018-04-26,37.04689789,36.912759692994186,0.13413819700581087
2018-04-27,37.53220367,37.19931501961575,0.3328886503842483
2018-04-30,37.44553757,37.43804815180801,0.00748941819198734
2018-05-01,36.90825653,37.3799732042602,-0.47171667426020036
2018-05-02,36.44895172,36.95861376022575,-0.5096620402257557
2018-05-03,36.30163574,36.46907986747317,-0.16744412747316773
2018-05-04,36.70893097,36.330310084157205,0.37862088584279263
2018-05-07,36.51828384,36.54115687869346,-0.02287303869345436
2018-05-08,36.2322998,36.468837930489315,-0.23653813048931482
2018-05-09,36.20630646,36.33371375294412,-0.12740729294412034
2018-05-10,36.552948,36.34923042758628,0.2037175724137228
2018-05-11,36.51828384,36.4664930300548,0.05179080994520291
2018-05-14,36.43161392,36.424839165811726,0.006774754188271004
2018-05-15,36.15431595,36.39415386183151,-0.23983791183151482
2018-05-16,36.00699615,36.17909003082661,-0.17209388082660837
2018-05-17,36.65693665,36.1005031409314,0.5564335090685972
2018-05-18,36.552948,36.559059240729866,-0.0061112407298651306
2018-05-21,36.7522583,36.539347569769966,0.21291073023003548
2018-05-22,36.61359787,36.74675945699414,-0.1331615869941416
2018-05-23,36.74359131,36.71229117312038,0.03130013687962219
2018-05-24,36.67427063,36.67367288601991,0.0005977439800943785
2018-05-25,36.74359131,36.65969927297532,0.08389203702468251
2018-05-29,36.9862442,36.74214683491266,0.2440973650873417
2018-05-30,37.37620544,37.045489540540885,0.33071589945911484
2018-05-31,37.26355362,37.35139621973294,-0.08784259973293729
2018-06-01,37.36754227,37.291613275304485,0.0759289946955164
2018-06-04,37.68817902,37.43924917739878,0.2489298426012212
2018-06-05,37.35887909,37.61128515577272,-0.2524060657727176
2018-06-06,37.66218567,37.39225501132789,0.2699306586721093
2018-06-07,37.64484787,37.66026051459357,-0.015412644593567393
2018-06-08,38.0868187,37.732281782782195,0.354536917217807
2018-06-11,38.24280548,38.08033981555362,0.16246566444637978
2018-06-12,38.48545074,38.32300926632429,0.16244147367570605
2018-06-13,38.28613663,38.43528690902746,-0.14915027902745948
2018-06-14,38.10253143,38.30809646778893,-0.20556503778892932
2018-06-15,38.57465744,38.187889726284155,0.38676771371584806
2018-06-18,38.07629013,38.45319073500634,-0.37690060500634104
2018-06-19,38.12001038,38.09735349948097,0.0226568805190297
2018-06-20,37.82274628,38.10198475196836,-0.2792384719683625
2018-06-21,37.67411804,37.899323131833086,-0.22520509183308235
2018-06-22,37.81400681,37.68579092648061,0.1282158835193954
2018-06-25,38.10253143,37.89857220502953,0.20395922497046826
2018-06-26,37.88396072,38.033196840947724,-0.14923612094772665
2018-06-27,37.65662766,37.87995025284529,-0.22332259284529243
2018-06-28,38.0063591,37.78294029891397,0.22341880108602652
2018-06-29,38.34733582,38.01975133974189,0.3275844802581105
2018-07-02,38.25115204,38.25987219358168,-0.008720153581677437
2018-07-03,38.46099472,38.24795584279371,0.21303887720629433
2018-07-05,39.04678726,38.57958889048656,0.46719836951344007
2018-07-06,39.02930069,39.018180770088996,0.011119919911003251
2018-07-09,38.81946182,38.953352859393185,-0.13389103939318403
2018-07-10,39.31781769,38.89263488775938,0.4251828022406201
2018-07-11,39.16044998,39.27231362084596,-0.11186364084595368
2018-07-12,39.05552292,39.10687669544229,-0.05135377544228703
2018-07-13,39.11672974,39.062136536540166,0.054593203459830875
2018-07-16,39.10799408,39.15119862181645,-0.043204541816450615
2018-07-17,39.56263351,39.16211551449271,0.4005179955072862
2018-07-18,39.44896698,39.54372953885919,-0.0947625588591876
2018-07-19,39.44022369,39.45620219064295,-0.015978500642944482
2018-07-20,39.58885574,39.47959587854333,0.1092598614566711
2018-07-23,39.30033493,39.5801702517249,-0.279835321724903
2018-07-24,39.57137299,39.3060650303331,0.2653079596668988
2018-07-25,40.29704666,39.62713297312987,0.6699136868701316
2018-07-26,40.42819977,40.26466333916996,0.16353643083004243
2018-07-27,40.40196228,40.38440590059562,0.017556379404382483
2018-07-30,40.41945267,40.473916846841135,-0.05446417684113669
2018-07-31,40.76918793,40.48737898804365,0.2818089419563492
2018-08-01,40.55934525,40.667694919696125,-0.1083496696961248
2018-08-02,40.37574005,40.48997621568486,-0.11423616568486494
2018-08-03,40.76044083,40.43805841326782,0.32238241673218226
2018-08-06,40.7866745,40.802123043359764,-0.015448543359767086
2018-08-07,40.65551758,40.77284396607684,-0.1173263860768401
2018-08-08,40.34951401,40.628219406596266,-0.2787053965962656
2018-08-09,40.5243721,40.44287339081332,0.08149870918668256
2018-08-10,40.28830719,40.484190022326516,-0.19588283232651804
2018-08-13,40.06973648,40.25828946856975,-0.18855298856974656
2018-08-14,40.12218857,40.07622845829565,0.04596011170434622
2018-08-15,40.28830719,40.192805773894854,0.09550141610514373
2018-08-16,40.41071701,40.307986912185115,0.1027300978148844
2018-08-17,40.74294281,40.45197520679562,0.2909676032043791
2018-08-20,40.85660934,40.75114407155432,0.10546526844567694
2018-08-21,40.41071701,40.770150830562734,-0.3594338205627352
2018-08-22,40.15716171,40.39017366004414,-0.2330119500441441
2018-08-23,39.95606613,40.128691106915085,-0.17262497691508116
2018-08-24,39.89485931,39.91832292393331,-0.02346361393330909
2018-08-27,39.94732285,39.84593678595457,0.10138606404542827
2018-08-28,39.66754532,39.92591942854255,-0.2583741085425473
2018-08-29,39.63257217,39.72747901628186,-0.09490684628185875
2018-08-30,39.30033493,39.6426009926828,-0.34226606268280335
2018-08-31,38.96809387,39.27047426633433,-0.30238039633433544
2018-09-04,39.13421249,38.97615551766909,0.1580569723309111
2018-09-05,39.67628479,39.21251936608968,0.46376542391031705
2018-09-06,40.01726913,39.665753432527374,0.3515156974726281
2018-09-07,39.9735527,39.99294534318985,-0.01939264318985323
2018-09-10,40.27082443,40.057114431002276,0.21370999899772158
2018-09-11,40.23584747,40.2610208328905,-0.02517336289049865
2018-09-12,40.42819977,40.20668391383834,0.22151585616165903
2018-09-13,40.41056442,40.32040214181284,0.09016227818715805
2018-09-14,40.55164719,40.401372434369335,0.15027475563066162
2018-09-17,40.84262085,40.583568724100665,0.2590521258993377
2018-09-18,40.49873352,40.80366548487505,-0.3049319648750455
2018-09-19,40.52519226,40.52249553975046,0.0026967202495384868
2018-09-20,41.12477493,40.62523743871045,0.4995374912895514
2018-09-21,41.07187271,41.09616442022785,-0.024291710227849705
2018-09-24,40.62217712,40.951878792088124,-0.3297016720881203
2018-09-25,40.27829742,40.63717478102295,-0.3588773610229481
2018-09-26,40.42819595,40.37873142458526,0.049464525414741445
2018-09-27,40.56927872,40.41961510720877,0.14966361279122964
2018-09-28,40.72799301,40.54918533507371,0.1788076749262899
2018-10-01,40.76325607,40.73249495051935,0.030761119480644084
2018-10-02,41.01015091,40.882514726072074,0.12763618392792608
2018-10-03,40.44583511,40.97009110428607,-0.5242559942860723
2018-10-04,40.42819595,40.471096737965475,-0.04290078796547192
2018-10-05,40.45465088,40.401095893616294,0.053554986383709036
2018-10-08,40.9836998,40.51412511160533,0.46957468839466543
2018-10-09,40.90434647,40.910605291002355,-0.006258821002354864
2018-10-10,40.27829742,40.8515731127908,-0.5732756927908014
2018-10-11,39.36128616,40.21261552790515,-0.8513293679051515
2018-10-12,39.39655304,39.4921699001985,-0.09561686019849702
2018-10-15,39.59934998,39.398409936045546,0.20094004395445353
2018-10-16,40.11077118,39.566635619152365,0.5441355608476357
2018-10-17,40.43701553,40.13275279055483,0.30426273944516424
2018-10-18,40.21658325,40.4935855151374,-0.2770022651373978
2018-10-19,40.85143661,40.404425653613885,0.44701095638611577
2018-10-22,40.53401947,40.76127438543521,-0.2272549154352106
2018-10-23,40.87788773,40.49277770502757,0.38511002497242686
2018-10-24,41.20413589,40.78864978819,0.41548610181000356
2018-10-25,41.01015091,41.17311343345891,-0.1629625234589085
2018-10-26,40.48991776,40.89487841206678,-0.40496065206678367
2018-10-29,40.96606827,40.64976287853628,0.3163053914637217
2018-10-30,41.99770355,41.09498650456118,0.9027170454388198
2018-10-31,42.21814728,41.89877944807624,0.3193678319237563
2018-11-01,42.09470367,42.17229102394298,-0.077587353942981
2018-11-02,42.32396317,42.20902650495262,0.11493666504738087
2018-11-05,42.93237305,42.47663909464811,0.45573395535189576
2018-11-06,43.30270767,42.87124890917476,0.4314587608252367
2018-11-07,43.53194809,43.19214193282386,0.3398061571761417
2018-11-08,43.49669266,43.50897503702759,-0.012282377027588609
2018-11-09,43.80529404,43.61854118731968,0.18675285268032127
2018-11-12,43.97282028,43.85176965963461,0.12105062036538783
2018-11-13,43.96400833,43.92757737756091,0.03643095243909045
2018-11-14,43.87583923,43.91950612243596,-0.04366689243596511
2018-11-15,43.85820389,43.93200253147149,-0.07379864147149107
2018-11-16,44.23735046,43.96197239075395,0.27537806924605235
2018-11-19,44.53713989,44.26627449472312,0.2708653952768785
2018-11-20,43.54076767,44.354115980682366,-0.8133483106823647
2018-11-21,42.96763229,43.54405180180881,-0.5764195118088153
2018-11-23,43.22334671,43.130827292354745,0.0925194176452564
2018-11-26,43.09108353,43.193577486633465,-0.10249395663346661
2018-11-27,43.53194809,43.06237471858438,0.4695733714156205
2018-11-28,43.83174896,43.59756570787984,0.234183252120161
2018-11-29,43.52958298,43.874832910923075,-0.34524993092307454
2018-11-30,44.79157257,43.76073041577207,1.0308421542279262
2018-12-03,44.16057587,44.66920374896272,-0.5086278789627201
2018-12-04,44.06282043,44.03923841137088,0.023582018629120682
2018-12-06,43.88506699,43.980456456388474,-0.09538946638847534
2018-12-07,43.62733841,43.92150784109893,-0.2941694310989291
2018-12-10,43.76066208,43.52119000979379,0.23947207020621164
2018-12-11,44.02726746,43.800951943507606,0.22631551649239157
2018-12-12,43.74287796,43.96676570115503,-0.22388774115503196
2018-12-13,43.96505737,43.82408441174994,0.14097295825005318
2018-12-14,43.84952545,44.04855953309234,-0.19903408309233583
2018-12-17,42.95190811,43.6738355131956,-0.7219274031956004
2018-12-18,42.9430275,42.94017302453692,0.002854475463081485
2018-12-19,42.56975937,42.9010137545588,-0.33125438455879674
2018-12-20,42.24982071,42.49811492518577,-0.24829421518576567
2018-12-21,42.27648163,42.248071719074055,0.02840991092594436
2018-12-24,40.8456459,42.12681981385354,-1.2811739138535359
2018-12-26,41.7165947,41.068594315729186,0.6480003842708157
2018-12-27,42.24093628,41.80430178577299,0.4366344942270075
2018-12-28,41.94766235,42.11349609970976,-0.16583374970975484
2018-12-31,42.08095932,41.85199016685861,0.2289691531413851
2019-01-02,41.70771027,42.19200216119228,-0.484291891192278
2019-01-03,41.44997025,41.66606905053403,-0.2160988005340272
2019-01-04,42.27648163,41.48339088128978,0.7930907487102203
2019-01-07,41.72548676,42.09266130998995,-0.36717454998994725
2019-01-08,42.1965065,41.699063787652975,0.49744271234702353
2019-01-09,41.38776016,42.154700805879514,-0.7669406458795152
2019-01-10,41.83213043,41.581393221824364,0.25073720817563583
2019-01-11,42.07208252,41.76045012008096,0.31163239991904135
2019-01-14,41.90322876,42.042674034809195,-0.13944527480919788
2019-01-15,42.27648163,41.88121608031284,0.39526554968716
2019-01-16,41.69882202,42.254582871285415,-0.5557608512854131
2019-01-17,41.823246,41.79076454992358,0.03248145007641767
2019-01-18,42.31203461,41.839240426422045,0.4727941835779532
2019-01-22,42.40980148,42.307654359671766,0.10214712032823314
2019-01-23,42.89859009,42.369069852645914,0.5295202373540846
2019-01-24,42.38313293,42.87292443936629,-0.48979150936628457
2019-01-25,42.09874344,42.403099243754404,-0.3043558037544045
2019-01-28,41.92099762,42.0846250542513,-0.16362743425129622
2019-01-29,42.12540054,41.968594262367546,0.15680627763245525
2019-01-30,42.53421021,42.07660818660522,0.4576020233947773
2019-01-31,42.77417374,42.558330908769726,0.21584283123027603
2019-02-01,43.28073883,42.89676028919314,0.3839785408068579
2019-02-04,43.76953888,43.3923256406608,0.3772132393391985
2019-02-05,43.77842331,43.772795685092966,0.005627624907035056
2019-02-06,43.77842331,43.717800451454494,0.060622858545507086
2019-02-07,43.92062378,43.779091777595156,0.1415320024048441
2019-02-08,43.99172211,43.894301902314936,0.09742020768506165
2019-02-11,44.08947754,43.96186780342252,0.12760973657747599
2019-02-12,44.13391876,44.101192095401714,0.03272666459828599
2019-02-13,44.24944687,44.19070961099158,0.0587372590084172
2019-02-14,40.51681519,43.839577820784626,-3.3227626307846236
2019-02-15,40.20576859,40.72311223837472,-0.5173436483747196
2019-02-19,39.8413887,40.263960721361,-0.4225720213609989
2019-02-20,40.08134842,39.876500188224504,0.20484823177549316
2019-02-21,40.7567749,40.00214088958899,0.7546340104110101
2019-02-22,40.24132156,40.93465975619203,-0.6933381961920304
2019-02-25,39.93914032,40.39996465543947,-0.46082433543946877
2019-02-26,39.71696854,40.04223402590503,-0.32526548590502813
2019-02-27,39.93914032,39.70947159156643,0.22966872843357322
2019-02-28,40.2946434,39.63244531070974,0.662198089290257
2019-03-01,40.33018875,40.216344341893375,0.11384440810662255
2019-03-04,40.57014084,40.354824399050095,0.21531644094990554
2019-03-05,40.52570724,40.62160842633494,-0.09590118633493461
2019-03-06,40.39239883,40.529192121696774,-0.136793291696776
2019-03-07,40.24132156,40.29329111931838,-0.051969559318379766
2019-03-08,39.85027695,40.14959741132583,-0.2993204613258271
2019-03-11,41.0411644,39.99815954360292,1.0430048563970828
2019-03-12,40.92562866,40.96523346827219,-0.0396048082721876
2019-03-13,41.07671738,40.93708803200781,0.13962934799219084
2019-03-14,40.96913147,41.06903329277229,-0.09990182277228854
2019-03-15,40.61054611,41.01808194003433,-0.4075358300343268
2019-03-18,40.70915222,40.554952964848106,0.15419925515189448
2019-03-19,40.84363556,40.67923184973108,0.1644037102689211
2019-03-20,40.81674194,40.78361259135256,0.033129348647442214
2019-03-21,40.79880142,40.80866033236928,-0.009858912369281825
2019-03-22,41.1753273,40.97629688118443,0.1990304188155676
2019-03-25,41.26497269,41.191593125479365,0.07337956452063565
2019-03-26,41.8118248,41.32938566123466,0.4824391387653364
2019-03-27,41.78493118,41.7631658816898,0.02176529831019991
2019-03-28,41.75803757,41.78041908902257,-0.02238151902257357
2019-03-29,42.00904846,41.79676884978151,0.21227961021849495
2019-04-01,41.88354874,41.996082991584174,-0.1125342515841723
2019-04-02,41.74906921,41.824240598164735,-0.07517138816473334
2019-04-03,41.39944839,41.71443372003937,-0.314985330039363
2019-04-04,41.66839218,41.51328475874235,0.15510742125764665
2019-04-05,41.65943146,41.669778436739676,-0.010346976739675995
2019-04-08,41.73114395,41.70131729183457,0.029826658165433173
2019-04-09,41.83871841,41.76212681586112,0.07659159413887551
2019-04-10,41.8118248,41.88989449475353,-0.07806969475353043
2019-04-11,41.87458038,41.84148689628512,0.03309348371487886
2019-04-12,41.90147781,41.87417883043127,0.027298979568733728
2019-04-15,42.13456345,41.91793236209521,0.21663108790479413
2019-04-16,42.08973694,42.09061748903957,-0.0008805490395715765
2019-04-17,42.38557434,42.144303150654714,0.2412711893452837
2019-04-18,42.56486893,42.399523477885616,0.16534545211438711
2019-04-22,42.49314499,42.55282603034287,-0.05968104034287336
2019-04-23,43.2192955,42.55211413835345,0.6671813616465485
2019-04-24,43.0131073,43.163086914967806,-0.14997961496780476
2019-04-25,42.88760376,42.98573961274882,-0.09813585274882541
2019-04-26,43.26412201,42.934376071015365,0.32974593898463667
2019-04-29,43.40755844,43.308925499931206,0.09863294006879642
2019-04-30,43.9813118,43.3957674321893,0.585544367810698
2019-05-01,43.55996323,43.89297227718567,-0.33300904718566926
2019-05-02,43.38066864,43.594857676911474,-0.2141890369114705
2019-05-03,43.67650223,43.44878014026765,0.22772208973234598
2019-05-06,43.45238495,43.683816852110915,-0.2314319021109128
2019-05-07,43.03104019,43.31112135173464,-0.2800811617346426
2019-05-08,42.89656448,43.051573980088136,-0.1550095000881342
2019-05-09,42.49314499,42.92643688909287,-0.4332918990928718
2019-05-10,43.20137024,42.625896671985466,0.5754735680145373
2019-05-13,43.07586288,43.173828327680795,-0.0979654476807923
2019-05-14,43.64961624,43.132158494913035,0.5174577450869648
2019-05-15,44.08888245,43.70039960270491,0.3884828472950872
2019-05-16,44.44748306,44.1861280868372,0.26135497316280265
2019-05-17,44.10682297,44.31264199470653,-0.20581902470652835
2019-05-20,43.79304504,44.062301924824204,-0.26925688482420185
2019-05-21,43.56892776,43.73586450139859,-0.16693674139858672
2019-05-22,44.51023483,43.65650021691084,0.8537346130891592
2019-05-23,44.68952179,44.44767498829231,0.24184680170768758
2019-05-24,44.47437668,44.61949994547148,-0.1451232654714829
2019-05-28,44.01715851,44.496105752042595,-0.47894724204259376
2019-05-29,43.57789612,44.12164641710318,-0.5437502971031805
2019-05-30,44.15164185,43.64995642502226,0.5016854249777367
2019-05-31,44.04406357,44.014290324671165,0.029773245328833298
2019-06-03,44.80606461,44.089967992784445,0.7160966172155554
2019-06-04,44.82400131,44.805044207380035,0.018957102619964417
2019-06-05,45.52325439,45.04654530429621,0.47670908570378856
2019-06-06,46.07907104,45.53708830486696,0.5419827351330397
2019-06-07,46.15975189,46.0320193515535,0.12773253844650156
2019-06-10,46.0611496,46.02877284962028,0.032376750379718544
2019-06-11,46.01631927,46.0481262216685,-0.031806951668500005
2019-06-12,46.2942276,46.04597540546005,0.24825219453995118
2019-06-13,46.19484711,46.18893375689023,0.005913353109768593
2019-06-14,46.35746765,46.22575500423491,0.13171264576508435
2019-06-17,45.95993423,46.31553548969967,-0.35560125969966805
2019-06-18,45.75213623,46.0207724280118,-0.26863619801180505
2019-06-19,46.18580246,45.85924581328819,0.32655664671180773
2019-06-20,46.67368317,46.22812631923033,0.44555685076966967
2019-06-21,46.57430267,46.58439568280952,-0.010093012809520019
2019-06-24,46.90858841,46.63905889309868,0.2695295169013221
2019-06-25,46.76403046,46.94613139025467,-0.1821009302546699
2019-06-26,46.18580246,46.69120880940872,-0.5054063494087231
2019-06-27,46.14967728,46.15586256831511,-0.0061852883151090055
2019-06-28,46.00511169,46.10062132152886,-0.09550963152886283
2019-07-01,46.61948013,46.05370865866492,0.5657714713350828
2019-07-02,46.96280289,46.63937780766343,0.32342508233656986
2019-07-03,47.07121277,47.02252865794011,0.04868411205989531
2019-07-05,47.08024979,47.100600325787624,-0.020350535787621027
2019-07-08,46.98086166,47.13437282347771,-0.15351116347770954
2019-07-09,46.6104393,46.89513109514195,-0.28469179514194565
2019-07-10,46.81824493,46.5719070825211,0.2463378474788982
2019-07-11,47.01700592,46.79502005270865,0.22198586729135172
2019-07-12,47.08928299,46.98828734140859,0.10099564859140742
2019-07-15,47.09832382,47.11077099986313,-0.012447179863130486
2019-07-16,47.10736084,47.170589614050655,-0.06322877405065697
2019-07-17,47.14349747,47.12642078432525,0.017076685674751957
2019-07-18,47.00797272,47.10112213960971,-0.09314941960970913
2019-07-19,46.42974472,46.89150166726744,-0.461756947267439
2019-07-22,46.27615356,46.417371232925674,-0.1412176729256771
2019-07-23,49.08597565,46.61697515119894,2.4690004988010585
2019-07-24,48.58905792,48.837085019692914,-0.24802709969291215
2019-07-25,47.9475975,48.43893138675259,-0.49133388675259226
2019-07-26,48.94141769,48.19965205824683,0.741765631753168
2019-07-29,48.77878571,49.0448643674676,-0.2660786574676024
2019-07-30,48.53485107,48.46643127903411,0.06841979096589057
2019-07-31,47.55006027,48.27660970849776,-0.7265494384977558
2019-08-01,47.00797272,47.58858987395582,-0.5806171539558207
2019-08-02,47.2790184,47.11528518816014,0.16373321183985468
2019-08-05,46.66465378,47.298043876280616,-0.633390096280614
2019-08-06,47.22480774,46.68641081719961,0.5383969228003949
2019-08-07,48.04697418,47.375038668298835,0.6719355117011645
2019-08-08,48.50774002,48.2044774004684,0.3032626195316013
2019-08-09,48.26380539,48.3964109444426,-0.13260555444259836
2019-08-12,48.06503677,48.28994056789607,-0.22490379789606862
2019-08-13,48.33608627,48.07726611560876,0.25882015439124473
2019-08-14,47.87532043,48.15975551953725,-0.28443508953724717
2019-08-15,48.67037582,47.88896863931832,0.7814071806816756
2019-08-16,49.15825272,48.651015636615604,0.5072370833843962
2019-08-19,49.41122818,49.22625269684369,0.18497548315631462
2019-08-20,48.67941284,49.32218704005385,-0.6427742000538501
2019-08-21,48.87817764,48.82978570200987,0.0483919379901252
2019-08-22,49.23052979,48.89136405418768,0.33916573581231546
2019-08-23,48.55292511,49.02807956578361,-0.4751544557836098
2019-08-26,49.27570343,48.591875376347325,0.6838280536526753
2019-08-27,49.4383316,49.3134581359899,0.12487346401010058
2019-08-28,49.79068756,49.54407500213399,0.24661255786601544
2019-08-29,49.7364769,49.731614433996796,0.004862466003203281
2019-08-30,49.7274437,49.800662476199115,-0.07321877619911277
2019-09-03,49.96234512,49.7057030747345,0.25664204526550094
2019-09-04,50.38697815,50.002955268296844,0.384022881703153
2019-09-05,49.79972076,50.23466912920758,-0.4349483692075822
2019-09-06,49.89910126,49.797937580667906,0.10116367933209602
2019-09-09,49.25763321,49.897366446499525,-0.6397332364995236
2019-09-10,49.1492157,49.312418721363315,-0.16320302136331577
2019-09-11,49.48350143,49.17298689188247,0.3105145381175234
2019-09-12,49.79068756,49.5258708112124,0.2648167487876023
2019-09-13,49.38115311,49.70758347860875,-0.3264303686087473
2019-09-16,49.10811996,49.45121493015229,-0.3430949701522863
2019-09-17,49.36294556,49.236874963753465,0.12607059624653516
2019-09-18,49.35385132,49.31633619685283,0.03751512314716621
2019-09-19,49.61776733,49.30888939815173,0.30887793184827217
2019-09-20,49.06261826,49.476655870483846,-0.41403761048384524
2019-09-23,49.27193832,49.17125052534062,0.10068779465937894
2019-09-24,49.41755295,49.31051384011862,0.10703910988138432
2019-09-25,49.29924011,49.38529589700943,-0.08605578700942829
2019-09-26,49.49946213,49.23357178892757,0.2658903410724278
2019-09-27,49.426651,49.50358043471151,-0.07692943471150926
2019-09-30,49.54496384,49.46782595564954,0.07713788435046354
2019-10-01,49.7360878,49.545381291320766,0.19070650867923433
2019-10-02,48.30725479,49.544927657522116,-1.2376728675221145
2019-10-03,48.99891281,48.42219065687455,0.576722153125452
2019-10-04,49.63597488,49.09400291703412,0.5419719629658815
2019-10-07,49.02621841,49.49142472719727,-0.46520631719727135
2019-10-08,48.76229477,48.922524738171845,-0.16022996817184776
2019-10-09,48.98981476,48.97228460578287,0.017530154217133997
2019-10-10,48.83510208,48.99983925134597,-0.1647371713459691
2019-10-11,48.50747299,48.702432706352035,-0.19495971635203801
2019-10-14,48.50747299,48.5048483407265,0.002624649273499813
2019-10-15,48.69858551,48.520455751416755,0.1781297585832462
2019-10-16,48.6803894,48.73341573665818,-0.0530263366581778
2019-10-17,48.9534111,48.72000181689865,0.233409283101345
2019-10-18,49.85438538,49.00371994541588,0.8506654345841156
2019-10-21,49.35385132,49.74574457571003,-0.39189325571003053
2019-10-22,49.00801086,49.313356970069364,-0.3053461100693653
2019-10-23,49.72698593,49.129545551110816,0.597440378889182
2019-10-24,49.69968033,49.683604120285786,0.016076209714213974
2019-10-25,48.91700363,49.463087522853655,-0.5460838928536518
2019-10-28,48.75318909,48.945208500326906,-0.19201941032690684
2019-10-29,48.60757446,48.85813086573406,-0.25055640573405924
2019-10-30,49.08992386,48.67248320051463,0.4174406594853721
2019-10-31,49.5358696,49.098943424188484,0.4369261758115144
2019-11-01,49.05352783,49.44092318222779,-0.38739535222779153
2019-11-04,48.36185455,49.026460380891955,-0.6646058308919578
2019-11-05,47.70658875,48.44531977917564,-0.7387310291756393
2019-11-06,48.05242157,47.78371489340209,0.26870667659790826
2019-11-07,47.58828735,47.83956580762087,-0.2512784576208702
2019-11-08,47.51548004,47.559217460863266,-0.04373742086326615
2019-11-11,47.17874146,47.53873768819487,-0.3599962281948734
2019-11-12,47.06043243,47.33767324391118,-0.2772408139111846
2019-11-13,47.69749451,47.155806223739724,0.5416882862602748
2019-11-14,47.89771271,47.664479978426726,0.23323273157327407
2019-11-15,47.93411255,47.82321346098111,0.11089908901889345
2019-11-18,48.26174164,47.97286720526944,0.28887443473055896
2019-11-19,48.30725479,48.310446696849866,-0.0031919068498638126
2019-11-20,48.43466568,48.246101389049905,0.1885642909500973
2019-11-21,48.19803619,48.33988881948398,-0.14185262948397792
2019-11-22,48.26174164,48.18884791644989,0.07289372355010926
2019-11-25,48.43466568,48.255326770917776,0.17933890908222594
2019-11-26,49.05352783,48.52730220238414,0.5262256276158581
2019-11-27,49.09902191,49.00137499288165,0.09764691711834672
2019-11-29,48.96149063,49.08702629249037,-0.12553566249037118
2019-12-02,49.28240204,49.058955546536524,0.22344649346347722
2019-12-03,49.32824326,49.304462404303976,0.023780855696024616
2019-12-04,49.77751541,49.32691380033801,0.45060160966198737
2019-12-05,49.68582153,49.69737143882437,-0.011549908824370902
2019-12-06,49.89671707,49.74563899378052,0.1510780762194841
2019-12-09,49.57580566,49.87035003705726,-0.29454437705725667
2019-12-10,49.30073929,49.61340910821403,-0.31266981821402595
2019-12-11,49.46577835,49.31061435942193,0.1551639905780675
2019-12-12,49.6399765,49.4897474420501,0.15022905794990038
2019-12-13,49.89671707,49.66194118831568,0.23477588168432106
2019-12-16,49.89671707,49.90400701939521,-0.007289949395207884
2019-12-17,49.89671707,49.98003047354831,-0.08331340354830985
2019-12-18,49.42910004,49.85345710833923,-0.4243570683392264
2019-12-19,49.80502319,49.516595034085675,0.2884281559143247
2019-12-20,50.40099335,49.800081835792206,0.6009115142077945
2019-12-23,50.34597778,50.32331252801315,0.022665251986850876
2019-12-24,50.16260529,50.31648704725893,-0.1538817572589295
2019-12-26,50.44683456,50.296231344213325,0.15060321578667413
2019-12-27,50.74940872,50.51428503549661,0.23512368450338528
2019-12-30,50.67605972,50.655973519649166,0.020086200350831973
2019-12-31,50.74940872,50.642007872651156,0.10740084734884192
2020-01-02,50.41933823,50.71609941483618,-0.2967611848361784
2020-01-03,50.14426422,50.462474344254034,-0.31821012425403694
2020-01-06,50.12592697,50.17002554177916,-0.0440985717791591
2020-01-07,49.74082947,50.075936583959276,-0.3351071139592747
2020-01-08,49.83252716,49.75089944031881,0.08162771968118676
2020-01-09,50.74024582,49.973581375331854,0.7666644446681445
2020-01-10,50.91445541,50.7502799092017,0.1641755007983008
2020-01-13,51.46458435,50.94631394135362,0.5182704086463801
2020-01-14,51.34538651,51.45179020760342,-0.10640369760342594
2020-01-15,51.98720932,51.443543754310824,0.5436655656891745
2020-01-16,52.09722519,51.87654783318965,0.22067735681035572
2020-01-17,52.20724869,52.037253929856035,0.16999476014396464
2020-01-21,52.4181366,52.13566348850954,0.28247311149045373
2020-01-22,52.82155991,52.491260806890004,0.33029910310999355
2020-01-23,53.02327728,52.83310862961079,0.19016865038921082
2020-01-24,52.88575363,52.97772666932178,-0.09197303932177903
2020-01-27,52.70236969,52.90256945716386,-0.20019976716385912
2020-01-28,52.27143478,52.66925999955021,-0.39782521955021366
2020-01-29,52.27143478,52.31166380682724,-0.040229026827240943
2020-01-30,53.96767044,52.4288465349292,1.5388239050707995
2020-01-31,53.54590607,53.7978155398641,-0.25190946986409557
2020-02-03,53.7109375,53.57091203844208,0.14002546155791862
2020-02-04,53.94932175,53.83738347733387,0.11193827266612999
2020-02-05,53.95849228,54.04732735739965,-0.08883507739965069
2020-02-06,54.08686829,53.79997936175784,0.2868889282421563
2020-02-07,54.27023697,54.05440741941019,0.21582955058980957
2020-02-10,54.78369522,54.29277139045368,0.4909238295463183
2020-02-11,54.63699341,54.756062395042235,-0.11906898504223307
2020-02-12,54.47194672,54.71110043668785,-0.23915371668785212
2020-02-13,54.65532684,54.49585625098698,0.15947058901301858
2020-02-14,54.9670639,54.71071265807397,0.2563512419260263
2020-02-18,54.58197403,54.85563187242806,-0.2736578424280651
2020-02-19,54.80202866,54.614454061650605,0.18757459834939283
2020-02-20,54.75618744,54.83464082580779,-0.07845338580779071
2020-02-21,55.13210678,54.8337782599913,0.29832852000870247
2020-02-24,53.77512741,54.94035176808744,-1.1652243580874355
2020-02-25,53.01411057,53.75360182957321,-0.7394912595732137
2020-02-26,52.812397,53.05232788823871,-0.23993088823871034
2020-02-27,50.36432266,52.532775118154056,-2.168452458154057
2020-02-28,49.04401779,50.26393421880824,-1.21991642880824
2020-03-02,51.27202988,49.499568148689335,1.7724617313106634
2020-03-03,51.40039825,51.237182295061125,0.16321595493887742
2020-03-04,54.02267456,51.577904936514585,2.4447696234854135
2020-03-05,52.02387619,53.78530593675582,-1.761429746755816
2020-03-06,50.66688919,52.17591768310173,-1.5090284931017308
2020-03-09,47.5494957,50.349287314588075,-2.7997916145880737
2020-03-10,49.19987869,47.84793629172798,1.3519423982720156
2020-03-11,47.87039948,48.454629318292504,-0.5842298382925009
2020-03-12,43.24014664,47.26062033817022,-4.020473698170221
2020-03-13,44.83102036,43.84446510374359,0.986555256256409
2020-03-16,41.86201096,45.0821092365605,-3.220098276560499
2020-03-17,43.63787079,42.238586579831846,1.3992842101681546
2020-03-18,41.48279953,43.030070474170465,-1.5472709441704637
2020-03-19,38.68952942,41.42708384115191,-2.7375544211519127
2020-03-20,35.4245491,38.14525718508882,-2.7207080850888232
2020-03-23,34.74010468,35.869838537917815,-1.1297338579178131
2020-03-24,36.48821259,34.58538208160141,1.9028305083985941
2020-03-25,38.48604202,36.31415153558515,2.1718904844148526
2020-03-26,40.96484375,38.76611166036159,2.198732089638412
2020-03-27,39.59595871,40.79824972655699,-1.202291016556991
2020-03-30,41.62153244,40.271853525863335,1.3496789141366676
2020-03-31,40.92784119,41.20695382231583,-0.2791126323158295
2020-04-01,38.95775604,40.236173746438915,-1.2784177064389155
2020-04-02,40.65036392,38.72209803222394,1.9282658877760568
2020-04-03,40.53937912,40.626941456728275,-0.08756233672827562
2020-04-06,43.16616058,40.776729415457275,2.389431164542728
2020-04-07,43.01816177,42.980637804931156,0.03752396506884281
2020-04-08,44.22981644,43.511685887467436,0.7181305525325641
2020-04-09,45.32122803,44.25140833587984,1.069819694120163
2020-04-13,43.40663147,45.15809263932209,-1.7514611693220914
2020-04-14,45.24723053,43.41725009752172,1.8299804324782798
2020-04-15,44.03559113,44.96018582973202,-0.9245946997320189
2020-04-16,43.56387329,44.0468179150527,-0.48294462505270275
2020-04-17,44.4518013,43.59648710799105,0.8553141920089473
2020-04-20,43.03666687,44.59191549126023,-1.5552486212602332
2020-04-21,41.9730072,42.893330975996534,-0.9203237759965361
2020-04-22,42.25048447,42.28877919609361,-0.038294726093603515
2020-04-23,41.68627548,42.35396727231533,-0.6676917923153312
2020-04-24,42.01924896,41.62342101571046,0.39582794428953605
2020-04-27,43.26789474,42.35092327366223,0.9169714663377704
2020-04-28,43.23089981,43.249726341825365,-0.01882653182536842
2020-04-29,43.58237076,43.29342562797787,0.28894513202213545
2020-04-30,42.44471741,43.532157650209136,-1.0874402402091334
2020-05-01,42.17648697,42.45940984392696,-0.2829228739269638
2020-05-04,41.75102615,42.02706403724789,-0.27603788724788814
2020-05-05,41.99150467,41.78125027216624,0.21025439783375788
2020-05-06,41.39030075,41.78511027246209,-0.39480952246209
2020-05-07,41.25156403,41.51283283754029,-0.26126880754029
2020-05-08,42.64820099,41.60838637197866,1.0398146180213388
2020-05-11,42.12099457,42.58443505897519,-0.46344048897518775
2020-05-12,41.45504761,41.98052700830749,-0.525479398307489
2020-05-13,40.64111328,41.360969877291765,-0.7198565972917663
2020-05-14,40.41913605,40.76300348892983,-0.3438674389298342
2020-05-15,40.01216507,40.199413748027865,-0.1872486780278635
2020-05-18,41.59378433,40.142019818107606,1.4517645118923923
2020-05-19,41.19606781,41.40423257783802,-0.20816476783802074
2020-05-20,42.44471741,41.43953040618311,1.0051870038168929
2020-05-21,41.77877045,42.38350012870128,-0.6047296787012755
2020-05-22,41.64928436,41.82886722401858,-0.17958286401857748
2020-05-26,42.62969589,41.54601020551504,1.083685684484962
2020-05-27,43.22164917,42.56281321464458,0.6588359553554213
2020-05-28,43.55462646,43.005782170310134,0.5488442896898675
2020-05-29,43.17539978,43.4760878849239,-0.30068810492389986
2020-06-01,43.4621315,43.40383142112703,0.05830007887296773
2020-06-02,43.37888718,43.40627639482751,-0.027389214827508113
2020-06-03,44.30381012,43.47565778770424,0.8281523322957582
2020-06-04,44.32230759,44.12551826208972,0.19678932791028103
2020-06-05,45.40446472,44.47325616093797,0.9312085590620285
2020-06-08,46.1074028,45.50227918331416,0.6051236166858445
2020-06-09,45.32122803,46.03114264139158,-0.7099146113915822
2020-06-10,44.96975708,45.257627101990295,-0.2878700219902939
2020-06-11,42.12099457,44.62672546393167,-2.50573089393167
2020-06-12,42.55965424,42.28500035261736,0.27465388738264096
2020-06-15,43.21297836,42.61547531102791,0.5975030489720936
2020-06-16,43.65165329,43.215357484042094,0.4362958059579043
2020-06-17,43.47431564,43.555625174090004,-0.08130953409000341
2020-06-18,43.85698318,43.93951412414663,-0.08253094414663309
2020-06-19,42.95165253,43.83845496204789,-0.8868024320478938
2020-06-22,42.69031906,42.887652707865996,-0.19733364786599594
2020-06-23,42.59698868,42.53973591718023,0.057252762819771874
2020-06-24,41.67299271,42.308242733331774,-0.6352500233317713
2020-06-25,41.93432617,41.74188790062329,0.1924382693767086
2020-06-26,40.66500092,41.83301311159525,-1.1680121915952526
2020-06-29,41.40233612,40.89417910122501,0.5081570187749875
2020-06-30,41.70100021,41.41516462026452,0.28583558973547696
2020-07-01,41.83166122,41.75080897689323,0.08085224310676864
2020-07-02,41.88766861,41.70421233817885,0.1834562718211501
2020-07-06,42.21432877,42.03447650773017,0.17985226226983286
2020-07-07,42.19565582,42.165871605282256,0.029784214717743396
2020-07-08,42.064991,42.06423864927931,0.0007523507206883551
2020-07-09,40.98233414,41.843766991742044,-0.8614328517420446
2020-07-10,42.13965988,41.15167224273128,0.9879876372687235
2020-07-13,42.23299026,42.09473783265907,0.13825242734093024
2020-07-14,42.81165314,42.265856535213885,0.545796604786112
2020-07-15,43.30631638,42.79079860594449,0.5155177740555104
2020-07-16,43.07298279,43.38842008225923,-0.315437292259233
2020-07-17,43.69831085,43.13131090832724,0.566999941672762
2020-07-20,43.04499054,43.540214629222554,-0.49522408922255323
2020-07-21,44.0529747,43.07538494716974,0.9775897528302622
2020-07-22,45.24763107,44.02790701604343,1.2197240539565684
2020-07-23,45.06096649,45.209020297658505,-0.1480538076585063
2020-07-24,45.25696564,45.021416618096886,0.2355490219031111
2020-07-27,45.24763107,45.408888414222965,-0.16125734422296745
2020-07-28,44.96763611,45.23113367929593,-0.2634975692959287
2020-07-29,44.81830597,44.828095097619574,-0.009789127619576732
2020-07-30,44.51030731,44.790707628313896,-0.28040031831389456
2020-07-31,44.09031296,44.45393265069678,-0.3636196906967797
2020-08-03,43.21297836,44.088853395137,-0.8758750351369997
2020-08-04,43.57698059,43.439924923771414,0.13705566622858356
2020-08-05,44.07164764,43.668020645900725,0.4036269940992767
2020-08-06,44.31430817,44.12419892694879,0.1901092430512037
2020-08-07,44.61297989,44.35163216323696,0.2613477267630415
2020-08-10,44.538311,44.682068484296494,-0.1437574842964935
2020-08-11,44.73429871,44.56769477378123,0.16660393621877034
2020-08-12,45.20096588,44.721337832018776,0.4796280479812225
2020-08-13,45.1543045,45.08588228949373,0.06842221050627018
2020-08-14,45.21963501,45.06775214824363,0.1518828617563699
2020-08-17,44.99563217,45.22944701583309,-0.23381484583308776
2020-08-18,45.19163513,45.0799718972798,0.11166323272020406
2020-08-19,44.2116394,45.02031582223615,-0.8086764222361467
2020-08-20,44.19297028,44.26678368080554,-0.07381340080554111
2020-08-21,44.12764359,44.19178996997886,-0.0641463799788653
2020-08-24,44.77164459,44.25432053084998,0.5173240591500203
2020-08-25,44.71564102,44.69424030413983,0.021400715860167452
2020-08-26,44.94897461,44.8085624508668,0.1404121591331986
2020-08-27,45.01430511,44.983123024169366,0.031182085830636197
2020-08-28,46.50762558,45.22031910187962,1.2873064781203851
2020-08-31,46.22762299,46.29486940217141,-0.06724641217140714
2020-09-01,45.84496307,46.08128366716617,-0.23632059716616993
2020-09-02,47.77695084,46.1105859561991,1.6663648838008953
2020-09-03,47.11428452,47.61064374096106,-0.496359220961061
2020-09-04,47.63695145,47.04087036961941,0.5960810803805856
2020-09-08,46.48895645,47.41206896587883,-0.9231125158788274
2020-09-09,46.84362411,46.73461632693277,0.10900778306722714
2020-09-10,46.66629028,46.69676208938566,-0.0304718093856593
2020-09-11,47.65561676,46.859308585503044,0.7963081744969571
2020-09-14,47.71206665,47.48874686243721,0.2233197875627866
2020-09-15,48.03197098,47.84512798547348,0.18684299452651487
2020-09-16,47.78733826,48.11060775031459,-0.32326949031459407
2020-09-17,47.56153107,47.823714665815636,-0.26218359581563533
2020-09-18,47.46743774,47.49300349071837,-0.025565750718371305
2020-09-21,46.18783951,47.224337292981325,-1.0364977829813213
2020-09-22,46.7241478,46.30930500121966,0.4148427987803345
2020-09-23,45.35985947,46.528181743716836,-1.1683222737168322
2020-09-24,45.82089233,45.56459295016796,0.2562993798320363
2020-09-25,45.83971405,45.82957821040694,0.01013583959305464
2020-09-28,46.36660767,46.023673465871305,0.3429342041286958
2020-09-29,46.02788925,46.21594842511983,-0.18805917511982528
2020-09-30,46.4512825,46.1900746520906,0.26120784790939666
2020-10-01,46.27252579,46.389029348033716,-0.11650355803371326
2020-10-02,46.44187927,46.25224795444751,0.18963131555248935
2020-10-05,46.46069717,46.366312344929185,0.09438482507081858
2020-10-06,46.04671097,46.32771893675287,-0.281007966752874
2020-10-07,46.63005447,46.13566799703992,0.4943864729600804
2020-10-08,47.47684479,46.72338904530671,0.7534557446932908
2020-10-09,47.80615616,47.44462779359895,0.36152836640105335
2020-10-12,48.06960297,47.75595619596669,0.3136467740333089
2020-10-13,47.2510376,48.012816456759836,-0.7617788567598396
2020-10-14,47.15694809,47.28771622159362,-0.13076813159361933
2020-10-15,47.03464127,47.119546321019925,-0.0849050510199234
2020-10-16,47.07226563,46.96501410591273,0.10725152408726757
2020-10-19,46.68650818,46.91249681471818,-0.22598863471818476
2020-10-20,47.27926254,46.88390753576294,0.3953550042370608
2020-10-21,47.03464127,47.327482425114916,-0.29284115511491393
2020-10-22,47.68384171,47.1292311938289,0.5546105161711026
2020-10-23,47.53330231,47.60478497682131,-0.07148266682130355
2020-10-26,46.85586548,47.436726790804826,-0.5808613108048277
2020-10-27,46.9499588,46.868621725767994,0.0813370742320032
2020-10-28,45.12464142,46.750514743520384,-1.6258733235203806
2020-10-29,45.18109894,45.17847587895655,0.0026230610434510027
2020-10-30,45.21873474,45.18298836973195,0.0357463702680505
2020-11-02,45.74562836,45.34334560168957,0.40228275831042737
2020-11-03,46.4324646,45.72954784006228,0.7029167599377217
2020-11-04,46.26311111,46.547169128878586,-0.2840580188785893
2020-11-05,46.51715469,46.33524752152027,0.1819071684797251
2020-11-06,46.52655792,46.50832276137137,0.01823515862863445
2020-11-09,49.46211243,46.74941446011732,2.712697969882676
2020-11-10,50.78873825,49.233317453434715,1.5554207965652864
2020-11-11,50.41239929,50.56258264455027,-0.15018335455026488
2020-11-12,49.87609482,50.373214984044,-0.4971201640439986
2020-11-13,50.29008484,50.16335822332418,0.12672661667581764
2020-11-16,50.66642761,50.129769234837156,0.536658375162844
2020-11-17,50.50648499,50.33612893806585,0.17035605193414938
2020-11-18,49.4997406,50.29780227825865,-0.798061678258648
2020-11-19,49.98899841,49.79009513235482,0.19890327764517934
2020-11-20,49.55619812,50.16688927455436,-0.6106911545543596
2020-11-23,49.56560898,49.586686022708946,-0.021077042708945726
2020-11-24,50.07368088,49.558873388983436,0.5148074910165619
2020-11-25,49.80082321,50.1139651042687,-0.3131418942687034
2020-11-27,49.58442307,49.80763724292088,-0.2232141729208834
2020-11-30,48.93012238,49.57345945400587,-0.6433370740058706
2020-12-01,49.3473587,49.033711930721,0.3136467692790035
2020-12-02,49.41373825,49.2619694615382,0.1517687884618013
2020-12-03,50.04906845,49.496844088468634,0.5522243615313656
2020-12-04,51.06370544,50.11807680015009,0.9456286398499074
2020-12-07,50.24820328,50.98499952954309,-0.7367962495430902
2020-12-08,50.42837524,50.338976418117404,0.08939882188259674
2020-12-09,50.57060623,50.45802164789139,0.11258458210861022
2020-12-10,50.30509186,50.470364514527354,-0.16527265452735662
2020-12-11,50.58957672,50.177135327469145,0.41244139253085166
2020-12-14,50.51371765,50.60405975078858,-0.09034210078858251
2020-12-15,51.05422211,50.598688807214664,0.45553330278533366
2020-12-16,50.31457901,50.9701426987412,-0.6555636887411964
2020-12-17,50.51371765,50.431706330482484,0.0820113195175125
2020-12-18,50.95940018,50.51308207170985,0.44631810829014995
2020-12-21,50.07751083,50.86132776038844,-0.7838169303884399
2020-12-22,50.03009796,50.02786770872739,0.00223025127260712
2020-12-23,50.33354568,50.12760621873512,0.20593946126488305
2020-12-24,50.67491913,50.39678834090954,0.2781307890904614
2020-12-28,51.35766602,50.634705340775355,0.7229606792246486
2020-12-29,51.329216,51.35282455664842,-0.02360855664841921
2020-12-30,51.62317657,51.36650749862856,0.2566690713714408
2020-12-31,52.00248337,51.680218565041756,0.3222648049582446
2021-01-04,50.03009796,51.69783831351583,-1.667740353515832
2021-01-05,49.4801178,49.952755301265135,-0.47263750126513315
2021-01-06,47.90600586,49.332500559068194,-1.4264946990681935
2021-01-07,47.37497711,47.95112510693467,-0.5761479969346652
2021-01-08,48.43703079,47.476971178280245,0.9600596117197568
2021-01-11,47.60255814,48.426268487808414,-0.8237103478084151
2021-01-12,47.51721954,47.68239380618609,-0.1651742661860922
2021-01-13,47.56463242,47.752438635758686,-0.18780621575868395
2021-01-14,46.6827507,47.57398665428047,-0.891235954280468
2021-01-15,46.18017578,46.435253982531954,-0.2550782025319549
2021-01-19,46.00000381,46.139157098687186,-0.1391532886871829
2021-01-20,46.16121292,45.94821254056459,0.21300037943540673
2021-01-21,46.41724396,46.12517605174002,0.2920679082599804
2021-01-22,45.98103333,46.417457379923306,-0.4364240499233034
2021-01-25,46.25603485,46.05092078458456,0.20511406541543664
2021-01-26,46.73964691,46.349714879003336,0.3899320309966612
2021-01-27,46.01897049,46.579311279242326,-0.5603407892423249
2021-01-28,46.60688782,45.99538330916376,0.6115045108362338
2021-01-29,45.658638,46.443239633162946,-0.7846016331629428
2021-02-01,45.97155762,45.73755882628087,0.23399879371913102
2021-02-02,46.42672348,45.95696558345231,0.46975789654769073
2021-02-03,46.24655151,46.418377231294826,-0.1718257212948231
2021-02-04,46.47413254,46.184029179701014,0.29010336029898554
2021-02-05,47.08102036,46.64087685772733,0.44014350227266874
2021-02-08,47.33704758,47.10214790367697,0.23489967632302466
2021-02-09,47.12843323,47.20312493583826,-0.07469170583826212
2021-02-10,47.03360367,47.113462835654296,-0.07985916565429818
2021-02-11,47.6973877,47.0999718897819,0.5974158102181022
2021-02-12,48.06720734,47.69048683569542,0.37672050430458626
2021-02-16,47.66893768,47.94615002321059,-0.27721234321059285
2021-02-17,47.53618622,47.68877171595502,-0.15258549595502302
2021-02-18,48.14307022,47.7347689160102,0.408301303989802
2021-02-19,47.51721954,48.04526507307359,-0.5280455330735876
2021-02-22,48.01031494,47.55919147478314,0.45112346521685964
2021-02-23,47.92496872,47.97853816089042,-0.053569440890420594
2021-02-24,48.08617401,48.023216564330575,0.06295744566942574
2021-02-25,47.57411194,48.01945059016671,-0.44533865016671115
2021-02-26,46.45516586,47.520586810539214,-1.0654209505392132
2021-03-01,47.31808472,46.61553202428734,0.7025526957126615
2021-03-02,47.50773621,47.3399354586684,0.16780075133159755
2021-03-03,47.39394379,47.4565377036341,-0.06259391363409605
2021-03-04,47.35601425,47.35249570012383,0.0035185498761691747
2021-03-05,48.16203308,47.6708032883524,0.49122979164759784
2021-03-08,48.96805573,48.195100405110495,0.7729553248895087
2021-03-09,48.22841263,48.74411999370285,-0.5157073637028518
2021-03-10,48.77839661,48.261296577222296,0.5171000327777051
2021-03-11,48.2473793,48.70491182968683,-0.45753252968683
2021-03-12,48.15176392,48.2781388139873,-0.12637489398729684
2021-03-15,48.79237747,48.12955535073049,0.6628221192695065
2021-03-16,48.97405624,48.803851512938394,0.17020472706160916
2021-03-17,48.99317551,48.92048449683512,0.07269101316487792
2021-03-18,48.35255051,49.007254758476236,-0.6547042484762358
2021-03-19,48.58203506,48.513129398058204,0.06890566194179826
2021-03-22,48.76369858,48.56043724764094,0.2032613323590624
2021-03-23,49.13659668,48.76288691421981,0.373709765780184
2021-03-24,49.26089859,49.0484432148686,0.21245537513139823
2021-03-25,49.73897552,49.37043177470558,0.36854374529441714
2021-03-26,50.71424866,49.88887189580241,0.8253767641975926
2021-03-29,51.48873138,50.75501601864826,0.7337153613517344
2021-03-30,50.81942368,51.27774195406201,-0.45831827406200887
2021-03-31,50.39871597,50.7567265089472,-0.35801053894720525
2021-04-01,50.20748138,50.43631172784202,-0.2288303478420204
2021-04-05,50.49433517,50.21843669572013,0.27589847427987024
2021-04-06,50.85766602,50.396119367634526,0.46154665236547743
2021-04-07,50.94371796,50.85207734209253,0.09164061790747269
2021-04-08,50.79073715,51.03134562578063,-0.2406084757806326
2021-04-09,50.8481102,50.95776892057105,-0.10965872057104775
2021-04-12,51.01065063,50.9148705117384,0.09578011826160093
2021-04-13,50.76205444,50.89226238163379,-0.1302079416337918
2021-04-14,50.75249481,50.7156846683145,0.036810141685499786
2021-04-15,50.99153137,50.79697105720842,0.19456031279158026
2021-04-16,51.3261795,51.04309923370521,0.2830802662947889
2021-04-19,51.63214874,51.320945908962656,0.3112028310373418
2021-04-20,51.79469681,51.64617277836814,0.14852403163185812
2021-04-21,52.21540451,51.847821814160746,0.3675826958392534
2021-04-22,52.05285263,52.1777858558116,-0.12493322581160271
2021-04-23,52.08153915,52.03837943637737,0.043159713622628715
2021-04-26,51.30706024,51.92818689611704,-0.6211266561170419
2021-04-27,51.23057175,51.339941188794,-0.10936943879399763
2021-04-28,51.24012756,51.20819997964646,0.03192758035353904
2021-04-29,51.88074875,51.33219676093339,0.5485519890666097
2021-04-30,51.61302567,51.78673316367898,-0.17370749367898242
2021-05-03,52.0911026,51.750600356595434,0.3405022434045648
2021-05-04,51.76601028,52.09375745724434,-0.32774717724433344
2021-05-05,51.63214874,51.78699684630029,-0.15484810630029244
2021-05-06,52.14847183,51.628759913942254,0.5197119160577444
2021-05-07,52.11978149,52.07481369333106,0.04496779666894213
2021-05-10,52.50224304,52.08026898570639,0.4219740542936137
2021-05-11,51.93811798,52.41576644701642,-0.4776484670164223
2021-05-12,51.67039108,52.0024028391369,-0.33201175913689696
2021-05-13,52.11978149,51.72077698588973,0.3990045041102732
2021-05-14,52.33013916,52.12434538406904,0.20579377593096382
2021-05-17,52.24408722,52.19624564427837,0.04784157572162684
2021-05-18,51.95724487,52.23964619205424,-0.2824013220542412
2021-05-19,51.79469681,52.06193347587966,-0.26723666587966477
2021-05-20,52.25365448,51.86851229841749,0.3851421815825091
2021-05-21,52.22496414,52.17729441568126,0.047669724318737394
2021-05-24,52.39707184,52.16944498073683,0.22762685926317516
2021-05-25,52.38751221,52.39909615669456,-0.011583946694564418
2021-05-26,52.61698532,52.48618081316798,0.13080450683202116
2021-05-27,53.05681992,52.62380868956669,0.4330112304333156
2021-05-28,52.86558533,52.97795971394598,-0.11237438394597632
2021-06-01,52.85601807,52.82658663699854,0.029431433001455787
2021-06-02,53.06637955,52.896478494331,0.16990105566900127
2021-06-03,53.20023727,53.10723905788228,0.09299821211772041
2021-06-04,53.7739296,53.19744043300823,0.5764891669917702
2021-06-07,53.58269882,53.717126785819474,-0.13442796581947647
2021-06-08,53.20980453,53.55109107591446,-0.34128654591445695
2021-06-09,53.04725647,53.243634673471725,-0.19637820347172408
2021-06-10,53.45839691,53.13882206273093,0.3195748472690667
2021-06-11,53.69743729,53.38568775580225,0.31174953419775164
2021-06-14,53.51440048,53.62656246851879,-0.11216198851879255
2021-06-15,53.37953186,53.546516655513024,-0.1669847955130237
2021-06-16,52.66664886,53.381743179337114,-0.715094319337112
2021-06-17,52.93638992,52.773114776292395,0.1632751437076081
2021-06-18,51.7996254,52.73287931610571,-0.9332539161057127
2021-06-21,52.36800766,51.88637250168156,0.48163515831844705
2021-06-22,52.56068039,52.37481126371386,0.18586912628614272
2021-06-23,52.13679886,52.58217571314032,-0.44537685314032416
2021-06-24,52.39690781,52.16389635650269,0.233011453497312
2021-06-25,52.32947159,52.49377004521184,-0.16429845521184205
2021-06-28,52.2716713,52.30295406639397,-0.03128276639397143
2021-06-29,51.88632965,52.139447183074914,-0.2531175330749136
2021-06-30,52.12716675,51.9599057878506,0.167260962149399
2021-07-01,51.98266602,52.02874626759863,-0.04608024759862417
2021-07-02,52.19460678,52.040730207975756,0.1538765720242452
2021-07-06,51.9056015,52.139984106309555,-0.234382606309552
2021-07-07,52.32947159,52.00105599058054,0.32841559941945775
2021-07-08,52.1464386,52.302790577168274,-0.15635197716827065
2021-07-09,52.46434402,52.18934227248119,0.27500174751880735
2021-07-12,52.48360825,52.41703529775223,0.06657295224777471
2021-07-13,53.00382233,52.538022709228976,0.46579962077102266
2021-07-14,54.19838333,53.089298305796675,1.109085024203324
2021-07-15,54.37178421,54.13861953435512,0.23316467564487908
2021-07-16,54.33325195,54.312470026590645,0.020781923409352032
2021-07-19,53.68780899,54.26809512018972,-0.5802861301897195
2021-07-20,53.78414154,53.773036420339366,0.011105119660633989
2021-07-21,54.47775269,53.70721841630382,0.7705342736961853
2021-07-22,54.40068436,54.35478090456291,0.04590345543709162
2021-07-23,54.92089844,54.41716891079961,0.5037295292003918
2021-07-26,54.96907043,55.038645794640345,-0.0695753646403432
2021-07-27,55.16174316,55.118737964335715,0.04300519566428562
2021-07-28,54.66079712,55.06304674401603,-0.4022496240160294
2021-07-29,54.95943451,54.70752295150482,0.25191155849518054
2021-07-30,54.94016647,54.879511278825646,0.06065519117435514
2021-08-02,54.79566574,54.92557234308274,-0.1299066030827447
2021-08-03,54.83419418,54.82165016966172,0.012544010338274347
2021-08-04,54.04424667,54.809606119627645,-0.7653594496276455
2021-08-05,54.42959213,54.17782858771219,0.2517635422878115
2021-08-06,54.56445694,54.451537611277246,0.11291932872275368
2021-08-09,54.57409286,54.55834463125278,0.015748228747220594
2021-08-10,54.7185936,54.53934683481435,0.17924676518564553
2021-08-11,54.65115738,54.81329464139019,-0.16213726139019258
2021-08-12,54.75712585,54.682367370589,0.07475847941100255
2021-08-13,55.1328392,54.7771939207518,0.35564527924820055
2021-08-16,55.37368011,55.11649929618308,0.25718081381692315
2021-08-17,55.18100357,55.26839735623789,-0.08739378623788951
2021-08-18,54.42959213,55.125881596454306,-0.6962894664543029
2021-08-19,54.77639389,54.55513552827,0.22125836173000124
2021-08-20,54.56445694,54.72272590531355,-0.15826896531355317
2021-08-23,54.37178421,54.49052076773302,-0.1187365577330155
2021-08-24,53.95754242,54.28902187025543,-0.33147945025542924
2021-08-25,54.01534271,54.091721663700426,-0.07637895370042713
2021-08-26,53.50476837,53.983339031378804,-0.47857066137880366
2021-08-27,53.61074066,53.54836390890137,0.062376751098625505
2021-08-30,54.12131882,53.64537428809265,0.4759445319073521
2021-08-31,54.24655151,54.09905409463835,0.14749741536165573
2021-09-01,54.61262131,54.27529966690377,0.3373216430962316
2021-09-02,54.68969345,54.62572074750718,0.06397270249281917
2021-09-03,54.65115738,54.694223930409194,-0.04306655040919338
2021-09-07,53.63000107,54.45727588079469,-0.827274810794691
2021-09-08,54.35251999,53.7547356980969,0.5977842919030962
2021-09-09,53.81303787,54.19936179823526,-0.38632392823525663
2021-09-10,53.57220459,53.770407084232914,-0.19820249423291614
2021-09-13,54.01534271,53.63804854841171,0.37729416158828855
2021-09-14,54.0541687,54.12621853276681,-0.07204983276681531
2021-09-15,54.23859024,54.04798831418366,0.19060192581633828
2021-09-16,53.72415924,54.179960503696854,-0.4558012636968556
2021-09-17,52.84088898,53.67919908396227,-0.8383101039622645
2021-09-20,52.47204971,52.81251277604261,-0.34046306604260934
2021-09-21,52.46234512,52.51527601777232,-0.05293089777232041
2021-09-22,52.53999329,52.371390582922125,0.1686027070778735
2021-09-23,52.45263672,52.502010869235725,-0.049374149235724474
2021-09-24,52.30704498,52.5494877397996,-0.2424427597996015
2021-09-27,52.03526688,52.370004875283925,-0.33473799528392334
2021-09-28,51.09376144,51.96210799909111,-0.8683465590911084
2021-09-29,51.40435791,51.138353240036885,0.26600466996311667
2021-09-30,50.9287529,51.26158747766349,-0.33283457766349045
2021-10-01,51.46260071,50.979803198978985,0.48279751102101187
2021-10-04,51.43347931,51.41969373836796,0.013785571632041638
2021-10-05,51.52083969,51.54022804843786,-0.019388358437858244
2021-10-06,52.13233185,51.59373323707683,0.5385986129231668
2021-10-07,52.29734039,52.149850590824656,0.14748979917534655
2021-10-08,52.53028488,52.22825259221329,0.30203228778671587
2021-10-11,52.63705826,52.46365603081293,0.17340222918707582
2021-10-12,52.63705826,52.639719918477056,-0.0026616584770522422
2021-10-13,52.64676285,52.57480351091759,0.07195933908241159
2021-10-14,53.00589752,52.68886457076915,0.3170329492308497
2021-10-15,52.87971115,52.93933488081848,-0.059623730818479714
2021-10-18,52.35557556,52.82083553297824,-0.4652599729782452
2021-10-19,52.55940628,52.46405810100359,0.09534817899641013
2021-10-20,53.0253067,52.65803777768369,0.36726892231631325
2021-10-21,52.75353241,52.942384068730824,-0.188851658730826
2021-10-22,52.85059357,52.759642791689544,0.09095077831045728
2021-10-25,52.63705826,52.902070874682984,-0.26501261468298054
2021-10-26,52.87000275,52.72840751081331,0.14159523918668526
2021-10-27,53.88916397,52.9126910309635,0.9764729390364977
2021-10-28,54.39388657,53.8679868478913,0.5258997221086972
2021-10-29,54.71419525,54.3543060720051,0.3598891779949014
2021-11-01,54.52006912,54.73800389189801,-0.21793477189800825
2021-11-02,54.45212936,54.59003618776063,-0.1379068277606308
2021-11-03,54.63654709,54.42360396252922,0.2129431274707798
2021-11-04,54.93743896,54.60585174652028,0.33158721347972175
2021-11-05,55.17039108,54.871096930882935,0.29929414911706687
2021-11-08,54.67537308,55.13901082697303,-0.46363774697302773
2021-11-09,54.83067703,54.837964756306405,-0.007287726306408615
2021-11-10,55.05391693,54.92470829889001,0.12920863110998937
2021-11-11,55.07332993,55.04182528207254,0.03150464792746277
2021-11-12,54.94714737,54.99349733161451,-0.046349961614509994
2021-11-15,54.95685196,55.010947903953586,-0.05409594395358397
2021-11-16,54.56860352,54.95737747506461,-0.38877395506460743
2021-11-17,54.26770401,54.57606502015633,-0.3083610101563252
2021-11-18,53.78239441,54.22580600567487,-0.443411595674867
2021-11-19,53.51062393,53.76905822674947,-0.2584342967494706
2021-11-22,53.84063339,53.58148709599418,0.25914629400582356
2021-11-23,54.23859024,53.901673654771336,0.3369165852286642
2021-11-24,53.8018074,54.16884731962585,-0.3670399196258458
2021-11-26,52.15174103,53.67228306449963,-1.520542034499634
2021-11-29,52.97677994,52.41815555578247,0.5586243842175307
2021-11-30,51.30413437,52.73066404574606,-1.4265296757460604
2021-12-01,51.15740967,51.224189035467184,-0.066779365467184
2021-12-02,51.91059113,51.197166673151116,0.7134244568488839
2021-12-03,52.37032318,52.07887373971426,0.2914494402857386
2021-12-06,53.71038818,52.41295323203237,1.2974349479676306
2021-12-07,54.00383377,53.77212239791599,0.23171137208400694
2021-12-08,53.79842758,53.96642845758853,-0.16800087758852555
2021-12-09,53.66147995,53.69859354609246,-0.037113596092460455
2021-12-10,55.05046082,53.81669264554464,1.2337681744553564
2021-12-13,56.49812698,54.862232590555884,1.6358943894441182
2021-12-14,56.53725433,56.273505734683546,0.2637485953164571
2021-12-15,56.79157639,56.56986579412087,0.22171059587913078
2021-12-16,57.36868286,57.00333687629513,0.36534598370487004
2021-12-17,56.46878052,57.2641949807508,-0.7954144607507985
2021-12-20,56.28293228,56.33790964739684,-0.054977367396844556
2021-12-21,56.50790787,56.26756128863983,0.24034658136016418
2021-12-22,56.90895462,56.563812566464506,0.345142053535497
2021-12-23,56.94808197,56.90023948170114,0.047842488298854846
2021-12-27,57.36868286,57.140549203848664,0.22813365615133563
2021-12-28,57.59366226,57.4725774824901,0.12108477750989977
2021-12-29,57.66212845,57.64616248761251,0.01596596238749015
2021-12-30,57.49583817,57.626336957468574,-0.13049878746857502
2021-12-31,57.9164505,57.51072172283401,0.4057287771659901
2022-01-03,58.00448227,57.89390244523283,0.11057982476716433
2022-01-04,58.97285461,58.090541600559106,0.8823130094408924
2022-01-05,59.46193695,58.98642894391973,0.47550800608027544
2022-01-06,59.14892197,59.43915951269869,-0.2902375426986836
2022-01-07,59.01198196,59.18204024055904,-0.17005828055904004
2022-01-10,59.10979462,59.090592911187656,0.019201708812346396
2022-01-11,59.1293602,59.05193267319437,0.07742752680562859
2022-01-12,59.21739578,59.0405174297569,0.1768783502430935
2022-01-13,59.56953049,59.27585831810975,0.2936721718902504
2022-01-14,60.0488205,59.65635606117303,0.3924644388269698
2022-01-18,59.56953049,60.04065885779785,-0.47112836779785283
2022-01-19,59.66734314,59.63478696866791,0.032556171332089434
2022-01-20,59.4228096,59.63332175511583,-0.2105121551158291
2022-01-21,59.1293602,59.36193357391181,-0.2325733739118121
2022-01-24,58.65006638,59.01935101839588,-0.3692846383958823
2022-01-25,58.51312256,58.69368774541732,-0.18056518541732203
2022-01-26,58.29792786,58.50342052972623,-0.20549266972622604
2022-01-27,58.34683609,58.32967068940974,0.017165400590258173
2022-01-28,59.51084137,58.499205015150274,1.0116363548497276
2022-01-31,59.67712402,59.476081056018764,0.20104296398123722
2022-02-01,59.23695755,59.60271020818336,-0.3657526581833608
2022-02-02,59.84341431,59.34268466674018,0.5007296432598167
2022-02-03,60.26401901,59.88971204409852,0.37430696590147505
2022-02-04,59.6282196,60.00140821491341,-0.3731886149134098
2022-02-07,60.25423431,59.60150620722211,0.6527281027778926
2022-02-08,60.64550018,60.29439523416976,0.35110494583023666
2022-02-09,59.70646667,60.48058227496858,-0.7741156049685856
2022-02-10,60.03903961,59.780598639666096,0.25844097033390767
2022-02-11,58.97285461,59.94539069425665,-0.972536084256653
2022-02-14,59.35433197,59.03268273053999,0.3216492394600081
2022-02-15,59.57930756,59.31380195377932,0.2655056062206782
2022-02-16,59.56953049,59.615369478975836,-0.045838988975837935
2022-02-17,60.7628746,59.637071849144554,1.1258027508554491
2022-02-18,61.17369843,60.88288915095077,0.2908092790492347
2022-02-22,60.91938019,61.10814296030204,-0.18876277030204136
2022-02-23,60.24445343,60.77622158008109,-0.531768150081092
2022-02-24,59.1880455,60.24476105266565,-1.0567155526656506
2022-02-25,61.4769249,59.36644272231363,2.1104821776863716
2022-02-28,60.88025284,61.231113019190204,-0.3508601791902066
2022-03-01,60.61615372,60.78313151633795,-0.16697779633795307
2022-03-02,61.06610107,60.7607392873935,0.3053617826065036
2022-03-03,61.10522842,61.36215143613139,-0.25692301613138824
2022-03-04,61.20304489,60.980614153087444,0.22243073691255688
2022-03-07,59.74559402,60.95084243770331,-1.2052484177033094
2022-03-08,57.37846756,59.50354558242695,-2.1250780224269548
2022-03-09,57.67191315,57.54226962792803,0.12964352207197294
2022-03-10,56.61550903,57.69258518320962,-1.0770761532096245
2022-03-11,56.65462875,56.52068593020534,0.13394281979466172
2022-03-14,57.6994133,56.79018280108138,0.9092304989186246
2022-03-15,58.76390457,58.041216660302865,0.7226879096971359
2022-03-16,58.60619736,58.69271594414794,-0.08651858414793878
2022-03-17,59.22715378,58.73754955912578,0.4896042208742202
2022-03-18,59.23701096,59.130328906754684,0.10668205324531499
2022-03-21,59.71011734,59.07704542457555,0.6330719154244449
2022-03-22,59.92695999,59.52172190415575,0.40523808584425325
2022-03-23,59.5327034,59.75175652017744,-0.21905312017743483
2022-03-24,60.10437393,59.57628888837424,0.5280850416257579
2022-03-25,60.64647675,60.21637134063332,0.43010540936667496
2022-03-28,61.03087616,60.65354768172817,0.3773284782718278
2022-03-29,61.26742935,60.95554472420777,0.3118846257922314
2022-03-30,61.31671143,61.33922807322917,-0.02251664322917435
2022-03-31,61.10972977,61.29192571805657,-0.1821959480565667
2022-04-01,61.96723557,61.202183416320615,0.7650521536793846
2022-04-04,61.6419754,61.84174954723527,-0.1997741472352672
2022-04-05,61.57297897,61.588465252987135,-0.015486282987133393
2022-04-06,62.19393158,61.6851343944019,0.5087971855980982
2022-04-07,62.52904892,62.297837328742965,0.23121159125703628
2022-04-08,62.91345215,62.49674036085848,0.41671178914151596
2022-04-11,62.89374161,62.90036494131903,-0.0066233313190338095
2022-04-12,63.6329689,63.00949767733155,0.6234712226684493
2022-04-13,63.80052567,63.61082652446249,0.1896991455375101
2022-04-14,64.08635712,63.818578076826824,0.2677790431731779
2022-04-18,63.51469421,63.952061306693,-0.437367096692995
2022-04-19,64.13564301,63.65823689885477,0.47740611114522835
2022-04-20,65.01287079,64.20598312516256,0.8068876648374328
2022-04-21,65.25926971,64.9650375831979,0.2942321268021004
2022-04-22,64.31305695,65.08957473603562,-0.7765177860356118
2022-04-25,64.99315643,64.47613355061766,0.5170228793823384
2022-04-26,64.11593628,64.95811898909113,-0.8421827090911336
2022-04-27,64.61860657,64.13523791798345,0.48336865201655144
2022-04-28,65.23956299,64.59238206522978,0.6471809247702112
2022-04-29,63.68224716,65.08063150574583,-1.398384345745825
2022-05-02,62.52904892,63.61022126442326,-1.0811723444232584
2022-05-03,62.17422104,62.74173920523442,-0.5675181652344179
2022-05-04,64.09622192,62.43397644335994,1.6622454766400665
2022-05-05,63.58368683,63.73510862712537,-0.15142179712537285
2022-05-06,63.81038284,63.6492075560491,0.16117528395090375
2022-05-09,63.68224716,63.91961019786689,-0.23736303786688495
2022-05-10,63.09086609,63.841792821094074,-0.7509267310940757
2022-05-11,63.38655472,62.98249377506065,0.40406094493935285
2022-05-12,63.58368683,63.22724919721742,0.3564376327825798
2022-05-13,64.77631378,63.55033585976442,1.2259779202355787
2022-05-16,65.01287079,64.71392708319972,0.29894370680027293
2022-05-17,64.83544922,65.09511435064007,-0.259665130640073
2022-05-18,60.32121658,64.28612679048639,-3.9649102104863942
2022-05-19,59.13844681,60.50692995721252,-1.3684831472125225
2022-05-20,60.10437393,59.27822357849312,0.8261503515068824
2022-05-23,61.95737839,60.07713742318166,1.8802409668183415
2022-05-24,63.10071945,61.70021054203105,1.4005089079689483
2022-05-25,63.15000153,63.35533306633868,-0.20533153633868295
2022-05-26,63.37670517,63.59125910430732,-0.21455393430731817
2022-05-27,63.75124741,63.528047607077504,0.22319980292249397
2022-05-31,62.46990967,63.30394173044517,-0.8340320604451676
2022-06-01,62.16436386,61.97753387074388,0.18682998925611827
2022-06-02,62.81488419,62.14508725502284,0.669796934977164
2022-06-03,62.06579971,62.762212515360034,-0.6964128053600334
2022-06-06,61.96723557,62.09839544842397,-0.13115987842397203
2022-06-07,62.3417778,62.19850400737011,0.14327379262989126
2022-06-08,61.98694611,62.40729518567921,-0.4203490756792121
2022-06-09,60.91259766,61.82966838566952,-0.9170707256695181
2022-06-10,60.52819824,60.99150205627238,-0.46330381627237927
2022-06-13,60.45920563,60.548816616910564,-0.08961098691056435
2022-06-14,58.80129242,60.21767583864654,-1.4163834186465394
2022-06-15,59.23810577,58.90498502506786,0.3331207449321383
2022-06-16,58.64244843,59.245890930290166,-0.6034425002901642
2022-06-17,58.9998436,58.75611395091574,0.24372964908425843
2022-06-21,60.26065063,59.10109879116697,1.159551838833032
2022-06-22,60.70739746,60.33301304362466,0.37438441637534225
2022-06-23,61.43210983,60.662366997608686,0.7697428323913158
2022-06-24,62.58371735,61.5440272946773,1.0396900553227013
2022-06-27,62.45465469,62.48391118111972,-0.029256491119724615
2022-06-28,61.829216,62.15753734271666,-0.3283213427166558
2022-06-29,62.27595901,61.868384938401626,0.40757407159837555
2022-06-30,62.45465469,62.22092337693733,0.2337313130626697
2022-07-01,63.91401291,62.489842959739526,1.4241699502604703
2022-07-05,62.82197571,63.705215048680984,-0.8832393386809869
2022-07-06,62.95103455,62.98400243947784,-0.03296788947783824
2022-07-07,62.45465469,63.02284926173167,-0.5681945717316736
2022-07-08,62.68299103,62.6208963088943,0.06209472110569436
2022-07-11,62.48443604,62.463935932726834,0.020500107273164758
2022-07-12,62.21639252,62.46616578958176,-0.24977326958175894
2022-07-13,61.9284935,62.26568601957112,-0.3371925195711185
2022-07-14,61.72993851,62.083698887979665,-0.3537603779796683
2022-07-15,62.04762268,61.83927604076457,0.20834663923543673
2022-07-18,61.20377731,61.88180708798368,-0.6780297779836815
2022-07-19,62.07740402,61.36202901550404,0.7153750044959608
2022-07-20,61.05486298,61.9444819987407,-0.8896190187406958
2022-07-21,60.91587448,61.14503129669771,-0.22915681669771004
2022-07-22,61.14421082,60.926105731835925,0.21810508816407292
2022-07-25,61.73986435,61.27386538893368,0.4659989610663189
2022-07-26,62.75248337,61.68209789797478,1.0703854720252224
2022-07-27,62.55392838,62.700392451936686,-0.1464640719366841
2022-07-28,63.59632874,62.72041935531753,0.8759093846824655
2022-07-29,63.70553207,63.562396950457035,0.14313511954296132
2022-08-01,64.0530014,63.72320944859604,0.329791951403962
2022-08-02,63.17937088,63.73793278552175,-0.5585619055217492
2022-08-03,63.45734406,63.2679316920404,0.18941236795959782
2022-08-04,63.20915222,63.3876011255677,-0.17844890556769855
2022-08-05,62.9212532,63.19671618390345,-0.27546298390344504
2022-08-08,62.51422119,62.86748673464422,-0.35326554464421633
2022-08-09,62.59364319,62.64073569502091,-0.04709250502090612
2022-08-10,63.18930054,62.72187420210178,0.4674263378982175
2022-08-11,62.76241302,63.11735608904208,-0.3549430690420863
2022-08-12,63.23893738,62.84052829696808,0.3984090830319218
2022-08-15,64.03314972,63.32453962682905,0.7086100931709467
2022-08-16,64.55931091,64.07723362096597,0.4820772890340237
2022-08-17,64.41039276,64.40960418234937,0.0007885776506242337
2022-08-18,64.74794006,64.45321896578008,0.29472109421992343
2022-08-19,64.69829559,64.72049144315312,-0.022195853153121448
2022-08-22,63.73531723,64.5491291181406,-0.8138118881405987
2022-08-23,63.80480957,63.75208586501762,0.05272370498238388
2022-08-24,63.89416122,63.82113849388712,0.07302272611288174
2022-08-25,64.20191193,63.93158775778433,0.2703241722156662
2022-08-26,62.65320969,64.00191899633165,-1.3487093063316564
2022-08-29,62.27595901,62.83374828124636,-0.5577892712463566
2022-08-30,61.70015717,62.32068084257669,-0.6205236725766952
2022-08-31,61.26334,61.706915981148455,-0.44357598114845587
2022-09-01,61.55124283,61.21061041618614,0.3406324138138572
2022-09-02,60.70739746,61.45867729720457,-0.7512798372045637
2022-09-06,60.7371788,60.82531490680529,-0.08813610680528683
2022-09-07,61.85900116,60.95484599068831,0.9041551693116858
2022-09-08,61.67037201,61.81549146631611,-0.14511945631610956
2022-09-09,61.868927,61.5193347803645,0.3495922196354968
2022-09-12,62.04762268,61.90730530580803,0.140317374191973
2022-09-13,60.03231812,61.82054476117875,-1.7882266411787526
2022-09-14,60.35000229,60.06204893525535,0.28795335474465134
2022-09-15,59.52999878,60.23811635192616,-0.7081175719261594
2022-09-16,59.54000092,59.47162616300562,0.06837475699438045
2022-09-19,59.99000168,59.518106096779555,0.47189558322044434
2022-09-20,59.90000153,60.18092862545483,-0.2809270954548353
2022-09-21,59.40000153,59.831951649545196,-0.43195011954519913
2022-09-22,59.25999832,59.504843451802046,-0.2448451318020446
2022-09-23,58.59999847,59.21203742791802,-0.612038957918017
2022-09-26,57.86999893,58.38956214541582,-0.5195632154158218
2022-09-27,56.38000107,57.67591147604746,-1.2959104060474615
2022-09-28,56.97999954,56.51598332997262,0.46401621002738125
2022-09-29,56.56999969,56.918676556832295,-0.3486768668322924
2022-09-30,56.02000046,56.53189661207248,-0.511896152072481
2022-10-03,56.65000153,56.141878359443716,0.5081231705562814
2022-10-04,56.77999878,56.78116863546076,-0.001169855460759095
2022-10-05,56.24000168,56.6689387271005,-0.4289370471005043
2022-10-06,55.02999878,56.06539248184325,-1.0353937018432475
2022-10-07,54.50999832,55.06380614663675,-0.5538078266367492
2022-10-10,54.38999939,54.45148891071028,-0.06148952071028191
2022-10-11,54.47999954,54.364225727264774,0.11577381273522747
2022-10-12,55.13999939,54.45774645555403,0.6822529344459696
2022-10-13,55.86999893,55.27675407775711,0.5932448522428899
2022-10-14,54.97999954,55.81865944970962,-0.8386599097096195
2022-10-17,55.68999863,55.140338058429066,0.5496605715709322
2022-10-18,56.43999863,55.72010118548137,0.7198974445186295
2022-10-19,55.95999908,56.19483973206309,-0.23484065206308458
2022-10-20,55.08000183,55.69845809196107,-0.6184562619610716
2022-10-21,55.95999908,55.3305416136119,0.6294574663881036
2022-10-24,57.56999969,56.13106783818031,1.4389318518196959
2022-10-25,58.95000076,57.502534024235295,1.4474667357647064
2022-10-26,59.38999939,58.8672074521154,0.5227919378845982
